"site_no","SAMPLE_DATE","Dec_Lat","Dec_Long","AP","CHARACTERISTIC_NAME","RSLT_RESULT_VALUE","RSLT_RESULT_UNIT"
410654074005401,2013-08-01,41.115,-74.015278,"N","SODIUM",28400,"ug/L"
410744074074901,2013-08-01,41.130306,-74.131806,"N","SODIUM",32600,"ug/L"
410744074074901,2018-10-03,41.130306,-74.131806,"N","SODIUM",39800,"ug/L"
410840073545201,2013-07-24,41.145278,-73.915556,"N","SODIUM",50700,"ug/L"
411008073354401,2013-07-17,41.167306,-73.595444,"N","SODIUM",10000,"ug/L"
411102074184901,2013-07-18,41.183722,-74.313583,"N","SODIUM",8520,"ug/L"
411410073420301,2013-07-30,41.241722,-73.678306,"N","SODIUM",56200,"ug/L"
411410073420301,2018-10-10,41.241722,-73.678306,"N","SODIUM",60600,"ug/L"
411632073332101,2018-10-10,41.275583,-73.555917,"N","SODIUM",14400,"ug/L"
411736074275102,2018-10-30,41.293333,-74.462778,"N","SODIUM",148000,"ug/L"
411824074122501,2018-11-27,41.306667,-74.206944,"N","SODIUM",29900,"ug/L"
411940073564401,2013-07-24,41.327194,-73.944028,"N","SODIUM",3130,"ug/L"
412039074072001,2013-07-18,41.343417,-74.123361,"N","SODIUM",52900,"ug/L"
412410073360105,2013-07-30,41.401111,-73.5975,"N","SODIUM",63600,"ug/L"
412414074424301,2020-08-06,41.404139,-74.712167,"N","SODIUM",10600,"ug/L"
412418074244202,2018-10-30,41.405,-74.411667,"N","SODIUM",27300,"ug/L"
412733073550801,2018-10-03,41.461517,-73.918283,"N","SODIUM",39700,"ug/L"
412824074321901,2013-07-23,41.470972,-74.542833,"N","SODIUM",49400,"ug/L"
413340074111801,2013-07-15,41.560806,-74.164278,"N","SODIUM",25000,"ug/L"
413434074291201,2020-08-18,41.576667,-74.486944,"N","SODIUM",15700,"ug/L"
413449074344901,2018-10-31,41.580278,-74.580278,"N","SODIUM",6310,"ug/L"
413551073473601,2013-07-16,41.597667,-73.793278,"N","SODIUM",5990,"ug/L"
413603075024901,2020-08-04,41.60075,-75.046861,"N","SODIUM",10200,"ug/L"
413657073542301,2018-09-18,41.61575,-73.9065,"N","SODIUM",55500,"ug/L"
413934074094701,2013-07-16,41.660139,-74.163,"N","SODIUM",33100,"ug/L"
414411073345302,2013-07-25,41.736389,-73.580833,"N","SODIUM",16100,"ug/L"
414438074221701,2013-07-15,41.750417,-74.390722,"N","SODIUM",900,"ug/L"
414504074355301,2015-10-21,41.731389,-74.602222,"N","SODIUM",26400,"ug/L"
414504074355301,2020-08-18,41.731389,-74.602222,"N","SODIUM",37300,"ug/L"
414533074481901,2020-08-17,41.759439,-74.805386,"N","SODIUM",2290,"ug/L"
414628073595701,2018-08-07,41.774444,-73.999167,"N","SODIUM",2170,"ug/L"
414755074155701,2018-08-29,41.798611,-74.265833,"N","SODIUM",90300,"ug/L"
414831074531101,2015-10-21,41.812806,-74.881972,"N","SODIUM",22000,"ug/L"
415126074335301,2018-11-06,41.857222,-74.564722,"N","SODIUM",21700,"ug/L"
415220075034801,2015-10-07,41.872472,-75.063389,"N","SODIUM",6170,"ug/L"
415357073411401,2018-11-05,41.899167,-73.687222,"N","SODIUM",6490,"ug/L"
415601074544901,2015-10-20,41.933056,-74.913333,"N","SODIUM",10800,"ug/L"
415601074544901,2020-08-17,41.933056,-74.913333,"N","SODIUM",26900,"ug/L"
415725073310802,2018-09-25,41.957037,-73.518457,"N","SODIUM",44100,"ug/L"
415846074002401,2013-07-22,41.979444,-74.006667,"N","SODIUM",38400,"ug/L"
415846074002401,2018-08-28,41.979444,-74.006667,"N","SODIUM",38400,"ug/L"
415919074120201,2018-10-01,41.988611,-74.200556,"N","SODIUM",74700,"ug/L"
420040075530601,2014-08-12,42.011028,-75.885,"N","SODIUM",17000,"ug/L"
420044077171801,2018-09-12,42.012139,-77.288444,"N","SODIUM",73400,"ug/L"
420123076221601,2014-07-21,42.023,-76.371139,"N","SODIUM",31300,"ug/L"
420123076221601,2019-10-02,42.023,-76.371139,"N","SODIUM",38300,"ug/L"
420125074474901,2020-08-03,42.022028,-74.800667,"N","SODIUM",730,"ug/L"
420133077554501,2020-09-16,42.022222,-77.924139,"N","SODIUM",19400,"ug/L"
420143079375601,2016-11-29,42.0286,-79.6322,"N","SODIUM",12900,"ug/L"
420143079375601,2016-11-29,42.0286,-79.6322,"N","SODIUM",12500,"ug/L"
420219077462301,2020-09-15,42.037,-77.77694,"N","SODIUM",21200,"ug/L"
420219077462301,2020-09-15,42.037,-77.776944,"N","SODIUM",21200,"ug/L"
420247077323901,2013-06-26,42.047944,-77.543361,"N","SODIUM",8940,"ug/L"
420302075214301,2015-10-19,42.050306,-75.362278,"N","SODIUM",10100,"ug/L"
420303076300701,2014-07-21,42.050917,-76.502194,"N","SODIUM",9180,"ug/L"
420309078292001,2021-07-26,42.052556,-78.48875,"N","SODIUM",8810,"ug/L"
420327076451101,2018-09-10,42.057556,-76.753028,"N","SODIUM",19400,"ug/L"
420340077035001,2013-08-06,42.061194,-77.064139,"N","SODIUM",27800,"ug/L"
420351074200001,2013-07-22,42.065056,-74.334444,"N","SODIUM",2280,"ug/L"
420357075245901,2015-10-19,42.065889,-75.416444,"N","SODIUM",21400,"ug/L"
420405079093201,2016-11-28,42.06814,-79.15881,"N","SODIUM",74700,"ug/L"
420417075382801,2014-07-28,42.071417,-75.640972,"N","SODIUM",91000,"ug/L"
420422074283101,2018-08-27,42.072778,-74.475278,"N","SODIUM",41800,"ug/L"
420446078094501,2016-12-05,42.079436,-78.16258,"N","SODIUM",64000,"ug/L"
420448077550901,2020-09-16,42.08019,-77.91917,"N","SODIUM",111000,"ug/L"
420508075502201,2019-07-18,42.083083,-75.8405,"N","SODIUM",45100,"ug/L"
420540076030701,2014-07-10,42.094722,-76.051686,"N","SODIUM",103000,"ug/L"
420540076030701,2019-10-07,42.094722,-76.051686,"N","SODIUM",122000,"ug/L"
420630077145001,2013-06-27,42.106417,-77.248861,"N","SODIUM",25300,"ug/L"
420702076105301,2014-08-18,42.117278,-76.181278,"N","SODIUM",20000,"ug/L"
420719079183101,2016-11-28,42.1221,-79.3086,"N","SODIUM",65200,"ug/L"
420804074060001,2021-08-26,42.134361,-74.100028,"N","SODIUM",8010,"ug/L"
420811079120701,2021-07-27,43.146556,-74.969778,"?","SODIUM",17100,"ug/L"
420814077373001,2013-07-11,42.1385,-77.62475,"N","SODIUM",17200,"ug/L"
420924074315601,2015-10-14,42.150889,-74.520833,"N","SODIUM",17500,"ug/L"
420925075534001,2019-11-25,42.157014,-75.894519,"N","SODIUM",87300,"ug/L"
420926079355501,2011-11-08,42.1576,-79.5983,"N","SODIUM",48500,"ug/L"
420926079355501,2011-11-08,42.1576,-79.5983,"N","SODIUM",48200,"ug/L"
420926079355501,2016-11-29,42.1576,-79.5983,"N","SODIUM",37900,"ug/L"
420927077471501,2020-09-15,42.157861,-77.787389,"N","SODIUM",69200,"ug/L"
420940074492001,2015-10-06,42.16075,-74.820972,"N","SODIUM",3960,"ug/L"
421007075194201,2020-07-15,42.168833,-75.3285,"N","SODIUM",4210,"ug/L"
421012074391201,2020-08-05,42.16868,-74.652139,"N","SODIUM",17700,"ug/L"
421013078230601,2021-09-14,42.170344,-78.384741,"N","SODIUM",61800,"ug/L"
421018076232001,2019-10-07,42.17175,-76.388972,"N","SODIUM",7420,"ug/L"
421036079214601,2016-10-31,42.176686,-79.362886,"N","SODIUM",3130,"ug/L"
421043075073001,2020-08-05,42.17868,-75.12521,"N","SODIUM",5440,"ug/L"
421125079143801,2016-10-11,42.190194,-79.244583,"N","SODIUM",27200,"ug/L"
421130077233601,2013-07-10,42.190833,-77.392722,"N","SODIUM",24900,"ug/L"
421158079031201,2016-10-12,42.199381,-79.053275,"N","SODIUM",34000,"ug/L"
421208078075601,2020-09-01,42.20208,-78.13219,"N","SODIUM",27200,"ug/L"
421221075462001,2019-07-18,42.205806,-75.772167,"N","SODIUM",136000,"ug/L"
421246078161601,2021-09-15,42.212845,-78.270848,"N","SODIUM",22100,"ug/L"
421300078160001,2011-08-22,42.2156,-78.2728,"N","SODIUM",37300,"ug/L"
421300078160001,2011-08-22,42.215667,-78.272778,"N","SODIUM",37300,"ug/L"
421300078160001,2016-09-12,42.2156,-78.2728,"N","SODIUM",38100,"ug/L"
421300078160001,2016-09-12,42.215667,-78.272778,"N","SODIUM",38100,"ug/L"
421300078160001,2021-09-15,42.2156,-78.2728,"N","SODIUM",42600,"ug/L"
421300078160001,2021-09-15,42.215667,-78.272778,"N","SODIUM",42600,"ug/L"
421322073475105,2018-08-13,42.222808,-73.797508,"N","SODIUM",31300,"ug/L"
421338073380901,2013-07-25,42.227333,-73.634833,"N","SODIUM",10000,"ug/L"
421338073380901,2018-08-14,42.227333,-73.634833,"N","SODIUM",14700,"ug/L"
421341077121801,2018-10-02,42.2282,-77.205225,"N","SODIUM",37400,"ug/L"
421342078430401,2021-07-27,42.228306,-78.717722,"N","SODIUM",5000,"ug/L"
421348075505701,2014-07-30,42.230083,-75.849194,"N","SODIUM",1200000,"ug/L"
421350076110301,2014-07-09,42.230528,-76.184278,"N","SODIUM",15900,"ug/L"
421350076110301,2019-10-01,42.230528,-76.184278,"N","SODIUM",15500,"ug/L"
421512079161601,2021-07-27,42.265778,-79.257556,"N","SODIUM",26100,"ug/L"
421512079161601,2021-07-27,42.265778,-79.257556,"N","SODIUM",25800,"ug/L"
421526076402701,2019-09-30,42.257111,-76.674056,"N","SODIUM",4650,"ug/L"
421526076402701,2019-09-30,42.257111,-76.674056,"N","SODIUM",4640,"ug/L"
421601079360901,2021-07-26,42.267022,-79.602467,"N","SODIUM",40600,"ug/L"
421604074364001,2020-07-16,42.267333,-74.611167,"N","SODIUM",6320,"ug/L"
421659078402301,2016-11-30,42.2831,-78.673,"N","SODIUM",7450,"ug/L"
421800077051901,2013-07-25,42.299944,-77.088639,"N","SODIUM",62900,"ug/L"
421801079055401,2021-07-28,42.295833,-79.099306,"N","SODIUM",7030,"ug/L"
421820074013201,2018-10-04,42.305694,-74.025639,"N","SODIUM",63800,"ug/L"
421854074255901,2016-11-15,42.31728,-74.42811,"N","SODIUM",96700,"ug/L"
421857073530301,2013-07-11,42.315778,-73.884444,"N","SODIUM",116000,"ug/L"
421902079213101,2016-11-16,42.317297,-79.358552,"N","SODIUM",8630,"ug/L"
421949076224501,2019-10-02,42.330333,-76.379167,"N","SODIUM",39100,"ug/L"
422017077005801,2013-07-09,42.337111,-77.015833,"N","SODIUM",34100,"ug/L"
422040078232201,2016-08-03,42.344297,-78.38933,"N","SODIUM",4540,"ug/L"
422047075100201,2019-10-21,42.346544,-75.167397,"N","SODIUM",16500,"ug/L"
422055075445801,2019-10-01,42.348472,-75.749444,"N","SODIUM",10900,"ug/L"
422112076364501,2012-11-20,42.352958,-76.612729,"N","SODIUM",48700,"ug/L"
422112076364501,2017-12-13,42.352958,-76.612729,"N","SODIUM",60100,"ug/L"
422118074103801,2013-07-09,42.355028,-74.176972,"N","SODIUM",14600,"ug/L"
422118078543101,2016-08-02,42.354853,-78.908719,"N","SODIUM",5170,"ug/L"
422120076502901,2017-11-06,42.35537,-76.842104,"N","SODIUM",12500,"ug/L"
422126079024801,2021-07-28,42.361556,-79.050972,"N","SODIUM",93300,"ug/L"
422130077400001,2018-08-28,42.359167,-77.666,"N","SODIUM",64800,"ug/L"
422228073302701,2018-07-30,42.374444,-73.5075,"N","SODIUM",5870,"ug/L"
422237076092001,2014-08-06,42.376833,-76.155444,"N","SODIUM",7350,"ug/L"
422238074252101,2016-11-08,42.38233,-74.41911,"N","SODIUM",241000,"ug/L"
422249073392501,2018-09-19,42.380278,-73.656944,"N","SODIUM",5330,"ug/L"
422309074525301,2015-10-13,42.386028,-74.881333,"N","SODIUM",2650,"ug/L"
422426078280701,2016-07-20,42.407214,-78.468636,"N","SODIUM",5820,"ug/L"
422440077253301,2018-09-04,42.411111,-77.425833,"N","SODIUM",35700,"ug/L"
422508077441301,2018-09-05,42.418889,-77.736944,"N","SODIUM",38800,"ug/L"
422515074312001,2016-10-19,42.420528,-74.523056,"N","SODIUM",25300,"ug/L"
422515074312001,2016-10-19,42.420528,-74.523056,"N","SODIUM",25400,"ug/L"
422527078292101,2021-07-29,42.419528,-78.494667,"N","SODIUM",20000,"ug/L"
422559078545801,2021-07-27,42.433083,-78.916222,"N","SODIUM",3440,"ug/L"
422618075360001,2014-08-14,42.438407,-75.59963,"N","SODIUM",30500,"ug/L"
422637076163501,2019-10-01,42.443694,-76.276444,"N","SODIUM",8120,"ug/L"
422660073385401,2013-07-08,42.449917,-73.648833,"N","SODIUM",39200,"ug/L"
422718078005301,2020-09-14,42.455222,-78.005611,"N","SODIUM",53600,"ug/L"
422722078562001,2016-12-06,42.456054,-78.938877,"N","SODIUM",52200,"ug/L"
422729077465601,2020-09-15,42.457722,-77.78225,"N","SODIUM",22800,"ug/L"
422752078064801,2020-09-14,42.46456,-78.11356,"N","SODIUM",52200,"ug/L"
422753075191901,2014-08-13,42.464944,-75.321806,"N","SODIUM",8270,"ug/L"
422809074473901,2014-07-30,42.469111,-74.794028,"N","SODIUM",42100,"ug/L"
422827074509901,2019-10-21,42.472364,-74.850006,"N","SODIUM",12800,"ug/L"
422831079100101,2016-11-30,42.475297,-79.167052,"N","SODIUM",4730,"ug/L"
422833079095101,2021-07-26,42.468333,-79.175667,"N","SODIUM",11100,"ug/L"
422902077070401,2017-10-30,42.483984,-77.117621,"N","SODIUM",139000,"ug/L"
422903078364701,2016-08-08,42.484186,-78.607941,"N","SODIUM",16500,"ug/L"
422906076174801,2017-12-18,42.485001,-76.296536,"N","SODIUM",8770,"ug/L"
422937076531401,2012-10-23,42.49341,-76.887624,"N","SODIUM",47200,"ug/L"
422937076531401,2017-11-20,42.49341,-76.887624,"N","SODIUM",35700,"ug/L"
423001078400001,2011-09-28,42.51525,-78.669833,"N","SODIUM",18300,"ug/L"
423001078400001,2011-09-28,42.5152,-78.6708,"N","SODIUM",18300,"ug/L"
423001078400001,2011-09-28,42.515222,-78.670306,"N","SODIUM",18300,"ug/L"
423001078400001,2016-11-15,42.51525,-78.669833,"N","SODIUM",39500,"ug/L"
423001078400001,2016-11-15,42.5152,-78.6708,"N","SODIUM",39500,"ug/L"
423001078400001,2016-11-15,42.515222,-78.670306,"N","SODIUM",39500,"ug/L"
423001078400001,2021-09-15,42.51525,-78.669833,"N","SODIUM",39900,"ug/L"
423001078400001,2021-09-15,42.5152,-78.6708,"N","SODIUM",39900,"ug/L"
423001078400001,2021-09-15,42.515222,-78.670306,"N","SODIUM",39900,"ug/L"
423024074583101,2014-08-05,42.506861,-74.975528,"N","SODIUM",3990,"ug/L"
423054073410201,2018-07-31,42.515081,-73.683452,"N","SODIUM",28900,"ug/L"
423118077282001,2018-08-29,42.521778,-77.472167,"N","SODIUM",21800,"ug/L"
423124077414901,2020-09-15,42.523222,-77.697,"N","SODIUM",54200,"ug/L"
423141074153301,2018-08-01,42.528056,-74.259167,"N","SODIUM",65300,"ug/L"
423156075232101,2019-10-30,42.532222,-75.389167,"N","SODIUM",15400,"ug/L"
423200078250001,2011-09-28,42.53475,-78.424306,"N","SODIUM",20300,"ug/L"
423200078250001,2016-07-27,42.53475,-78.424306,"N","SODIUM",23800,"ug/L"
423200078250001,2021-07-29,42.53475,-78.424306,"N","SODIUM",21500,"ug/L"
423236075540301,2014-08-04,42.543417,-75.900806,"N","SODIUM",24800,"ug/L"
423236075540301,2019-09-30,42.543417,-75.900806,"N","SODIUM",21600,"ug/L"
423247078145101,2020-08-31,42.54645,-78.247533,"N","SODIUM",4600,"ug/L"
423247078145101,2020-08-31,42.54645,-78.247533,"N","SODIUM",4330,"ug/L"
423254076355401,2017-12-19,42.54815,-76.598319,"N","SODIUM",7970,"ug/L"
423303077485101,2020-09-01,42.551097,-77.766239,"N","SODIUM",75200,"ug/L"
423308073503801,2013-07-09,42.552333,-73.843833,"N","SODIUM",89000,"ug/L"
423324074061601,2021-09-22,42.556889,-74.104581,"N","SODIUM",114000,"ug/L"
423355073211301,2013-07-08,42.565111,-73.353556,"N","SODIUM",980,"ug/L"
423415078563901,2016-12-06,42.5734,-78.9442,"N","SODIUM",36300,"ug/L"
423523076220902,2017-12-18,42.589609,-76.368841,"N","SODIUM",83900,"ug/L"
423600078041001,2020-08-31,42.600267,-78.069633,"N","SODIUM",3350,"ug/L"
423603076481801,2017-10-31,42.600669,-76.804927,"N","SODIUM",18500,"ug/L"
423617074342201,2021-09-23,42.604833,-74.572861,"N","SODIUM",22400,"ug/L"
423619077141001,2018-09-11,42.60525,-77.236083,"N","SODIUM",39300,"ug/L"
423627077281701,2017-11-08,42.607502,-77.471205,"N","SODIUM",89800,"ug/L"
423629078590801,2016-11-14,42.608158,-78.985663,"N","SODIUM",33400,"ug/L"
423650079010601,2021-07-29,42.613889,-79.01825,"N","SODIUM",5e+05,"ug/L"
423710076015301,2014-07-22,42.619472,-76.031528,"N","SODIUM",80600,"ug/L"
423714075193701,2019-10-30,42.620556,-75.326944,"N","SODIUM",10800,"ug/L"
423718074401501,2014-07-29,42.621778,-74.670778,"N","SODIUM",64700,"ug/L"
423718074401501,2019-10-22,42.621778,-74.670778,"N","SODIUM",70700,"ug/L"
423729074070301,2016-10-24,42.62536,-74.11731,"N","SODIUM",17500,"ug/L"
423731075193901,2014-08-11,42.621528,-75.326278,"N","SODIUM",7810,"ug/L"
423808076015401,2019-09-30,42.635444,-76.031639,"N","SODIUM",27800,"ug/L"
423825078320601,2016-12-05,42.640207,-78.535123,"N","SODIUM",24200,"ug/L"
423855073544601,2013-07-10,42.648222,-73.912194,"N","SODIUM",17500,"ug/L"
423901075362101,2019-10-28,42.650361,-75.605889,"N","SODIUM",16700,"ug/L"
423902074062501,2021-08-26,42.650831,-74.107219,"N","SODIUM",17900,"ug/L"
423913077311101,2013-07-23,42.654083,-77.520194,"N","SODIUM",1870,"ug/L"
423919073553801,2018-07-31,42.655356,-73.926792,"N","SODIUM",126000,"ug/L"
423938075024001,2014-07-07,42.661528,-75.043722,"N","SODIUM",43100,"ug/L"
424025076321001,2012-08-22,42.67386,-76.535769,"N","SODIUM",14900,"ug/L"
424025076321001,2017-12-20,42.67386,-76.535769,"N","SODIUM",13300,"ug/L"
424040074132301,2021-07-21,42.778056,-74.223194,"N","SODIUM",133000,"ug/L"
424042078501601,2021-07-26,42.67825,-78.83775,"N","SODIUM",11500,"ug/L"
424049078221801,2021-07-28,42.680389,-78.371639,"N","SODIUM",22000,"ug/L"
424102075225601,2019-10-29,42.683833,-75.382167,"N","SODIUM",29100,"ug/L"
424102078400701,2021-07-28,42.683778,-78.668583,"N","SODIUM",18000,"ug/L"
424102079014101,2016-10-25,42.683936,-79.027941,"N","SODIUM",119000,"ug/L"
424114077065201,2017-10-30,42.687461,-77.114124,"N","SODIUM",71000,"ug/L"
424135073222101,2012-08-30,42.693056,-73.3725,"N","SODIUM",46200,"ug/L"
424204074272201,2016-12-05,42.70111,-74.45622,"N","SODIUM",19200,"ug/L"
424235078323101,2021-09-13,42.709722,-78.541667,"N","SODIUM",30000,"ug/L"
424242074364401,2016-10-19,42.71169,-74.61231,"N","SODIUM",91900,"ug/L"
424409073334801,2013-07-10,42.736,-73.563306,"N","SODIUM",20300,"ug/L"
424450078282601,2016-08-16,42.747242,-78.473858,"N","SODIUM",94300,"ug/L"
424450078282601,2016-11-01,42.747242,-78.473858,"N","SODIUM",25900,"ug/L"
424508073210301,2017-09-27,42.75272,-73.35022,"N","SODIUM",15800,"ug/L"
424549078184101,2021-07-26,42.762333,-78.311444,"N","SODIUM",9750,"ug/L"
424555076582101,2017-12-11,42.76491,-76.972181,"N","SODIUM",37100,"ug/L"
424601075440801,2014-07-23,42.766889,-75.735333,"N","SODIUM",29000,"ug/L"
424619077122701,2017-10-24,42.772014,-77.206843,"N","SODIUM",510000,"ug/L"
424631073391401,2017-09-27,42.772583,-73.649944,"N","SODIUM",22300,"ug/L"
424656075385001,2019-10-29,42.782278,-75.647306,"N","SODIUM",31600,"ug/L"
424702075253201,2019-10-29,42.783833,-75.4255,"N","SODIUM",19100,"ug/L"
424713073473601,2011-07-25,42.786861,-73.792861,"N","SODIUM",15200,"ug/L"
424713073473601,2016-10-31,42.786861,-73.792861,"N","SODIUM",21500,"ug/L"
424713073473601,2021-09-23,42.786861,-73.792861,"N","SODIUM",21400,"ug/L"
424748076065501,2019-10-02,42.796667,-76.115278,"N","SODIUM",73900,"ug/L"
424815078164201,2021-07-26,42.804278,-78.278194,"N","SODIUM",10700,"ug/L"
424834073491501,2016-10-31,42.80889,-73.78733,"N","SODIUM",63200,"ug/L"
425004077575501,2020-09-14,42.8345,-77.9655,"N","SODIUM",73000,"ug/L"
425004078232701,2016-07-25,42.834353,-78.390775,"N","SODIUM",31100,"ug/L"
425008074060201,2016-10-17,42.839306,-74.10553,"N","SODIUM",7150,"ug/L"
425029074504301,2019-07-09,42.841389,-74.845333,"N","SODIUM",3420,"ug/L"
425106075422101,2019-10-29,42.851889,-75.705889,"N","SODIUM",25200,"ug/L"
425129075572401,2019-10-02,42.858,-75.956806,"N","SODIUM",141000,"ug/L"
425135076202901,2017-12-04,42.859901,-76.340882,"N","SODIUM",96400,"ug/L"
425210074403901,2016-10-26,42.86958,-74.67733,"N","SODIUM",8000,"ug/L"
425245074300201,2016-10-24,42.87514,-74.49542,"N","SODIUM",37100,"ug/L"
425248075543801,2017-12-04,42.879777,-75.913548,"N","SODIUM",40500,"ug/L"
425304075111801,2019-07-30,42.883944,-75.186417,"N","SODIUM",23400,"ug/L"
425325073471901,2012-08-06,42.890472,-73.788222,"N","SODIUM",40000,"ug/L"
425325073471901,2012-08-06,42.86556,-73.77139,"N","SODIUM",40000,"ug/L"
425325073471901,2017-05-31,42.890472,-73.788222,"N","SODIUM",47800,"ug/L"
425325073471901,2017-05-31,42.86556,-73.77139,"N","SODIUM",47800,"ug/L"
425325075342201,2014-07-28,42.890306,-75.572528,"N","SODIUM",11400,"ug/L"
425330073171501,2012-08-09,42.891667,-73.287528,"N","SODIUM",5250,"ug/L"
425333076280501,2017-10-10,42.892411,-76.468,"N","SODIUM",196000,"ug/L"
425424078294802,2011-08-03,42.9042,-78.4983,"N","SODIUM",63100,"ug/L"
425424078294802,2011-08-03,42.904194,-78.498139,"N","SODIUM",63100,"ug/L"
425424078294802,2016-11-15,42.9042,-78.4983,"N","SODIUM",122000,"ug/L"
425424078294802,2016-11-15,42.904194,-78.498139,"N","SODIUM",122000,"ug/L"
425424078294802,2021-07-29,42.9042,-78.4983,"N","SODIUM",131000,"ug/L"
425424078294802,2021-07-29,42.904194,-78.498139,"N","SODIUM",131000,"ug/L"
425424078294802,2021-07-29,42.9042,-78.4983,"N","SODIUM",135000,"ug/L"
425424078294802,2021-07-29,42.904194,-78.498139,"N","SODIUM",135000,"ug/L"
425508078153701,2016-08-01,42.918908,-78.260358,"N","SODIUM",183000,"ug/L"
425545074574901,2019-07-30,42.92925,-74.963583,"N","SODIUM",3640,"ug/L"
425549074030501,2021-08-03,42.930194,-74.051472,"N","SODIUM",1e+05,"ug/L"
425550074330701,2011-07-27,42.930611,-74.551667,"N","SODIUM",53300,"ug/L"
425550074330701,2011-07-27,42.9304,-74.5516,"N","SODIUM",53300,"ug/L"
425550074330701,2011-07-27,42.930444,-74.551639,"N","SODIUM",53300,"ug/L"
425550074330701,2016-11-07,42.930611,-74.551667,"N","SODIUM",52400,"ug/L"
425550074330701,2016-11-07,42.9304,-74.5516,"N","SODIUM",52400,"ug/L"
425550074330701,2016-11-07,42.930444,-74.551639,"N","SODIUM",52400,"ug/L"
425550074330701,2021-09-08,42.930611,-74.551667,"N","SODIUM",58800,"ug/L"
425550074330701,2021-09-08,42.9304,-74.5516,"N","SODIUM",58800,"ug/L"
425550074330701,2021-09-08,42.930444,-74.551639,"N","SODIUM",58800,"ug/L"
425552075224901,2011-07-21,42.928611,-75.381556,"N","SODIUM",40000,"ug/L"
425552075224901,2016-11-01,42.928611,-75.381556,"N","SODIUM",55100,"ug/L"
425552075224901,2021-08-18,42.928611,-75.381556,"N","SODIUM",52600,"ug/L"
425553075283501,2021-08-18,42.931622,-75.476539,"N","SODIUM",3660,"ug/L"
425606074372001,2021-09-08,42.935083,-74.622111,"N","SODIUM",108000,"ug/L"
425646074220802,2021-09-09,42.946185,-74.368468,"N","SODIUM",87900,"ug/L"
425651073395801,2012-08-06,42.947528,-73.666889,"N","SODIUM",86500,"ug/L"
425710074351001,2021-09-09,42.952833,-74.586222,"N","SODIUM",34000,"ug/L"
425716077254501,2017-09-27,42.954131,-77.434583,"N","SODIUM",14300,"ug/L"
425751077000401,2017-12-11,42.964305,-77.000861,"N","SODIUM",28600,"ug/L"
425825077422201,2020-07-27,42.973833,-77.706333,"N","SODIUM",39200,"ug/L"
425846077494501,2020-07-28,42.979667,-77.829333,"N","SODIUM",32300,"ug/L"
425854075285701,2017-11-01,42.981712,-75.48255,"N","SODIUM",4930,"ug/L"
425900078120001,2011-08-04,42.984472,-78.161167,"N","SODIUM",60600,"ug/L"
425900078120001,2016-08-09,42.984472,-78.161167,"N","SODIUM",103000,"ug/L"
425900078120001,2021-07-29,42.984472,-78.161167,"N","SODIUM",101000,"ug/L"
425918075143801,2021-08-25,42.988456,-75.244039,"N","SODIUM",12000,"ug/L"
425944076385301,2017-10-10,42.995305,-76.647874,"N","SODIUM",12200,"ug/L"
430047075003001,2011-07-27,43.013,-75.008028,"N","SODIUM",68700,"ug/L"
430047075003001,2011-07-27,43.01325,-75.008056,"N","SODIUM",68700,"ug/L"
430047075003001,2016-11-14,43.013,-75.008028,"N","SODIUM",64200,"ug/L"
430047075003001,2016-11-14,43.01325,-75.008056,"N","SODIUM",64200,"ug/L"
430047075003001,2021-08-17,43.013,-75.008028,"N","SODIUM",87000,"ug/L"
430047075003001,2021-08-17,43.01325,-75.008056,"N","SODIUM",87000,"ug/L"
430047078160201,2016-12-07,43.013039,-78.267106,"N","SODIUM",48700,"ug/L"
430052073505501,2012-08-22,43.05425,-73.849639,"N","SODIUM",54200,"ug/L"
430108075022801,2021-08-17,43.018972,-75.041,"N","SODIUM",23700,"ug/L"
430131078240301,2016-07-18,43.025353,-78.400719,"N","SODIUM",32200,"ug/L"
430150073513201,2017-09-26,43.041444,-73.860083,"N","SODIUM",9330,"ug/L"
430150077405001,2020-09-14,43.030833,-77.680833,"N","SODIUM",13200,"ug/L"
430201074283801,2016-10-25,43.03353,-74.47719,"N","SODIUM",3810,"ug/L"
430247075115501,2016-10-26,43.04628,-75.19881,"N","SODIUM",94900,"ug/L"
430300078571201,2021-07-29,43.050139,-78.953222,"N","SODIUM",539000,"ug/L"
430301073212601,2012-08-08,43.050361,-73.35725,"N","SODIUM",80100,"ug/L"
430320075231601,2016-11-07,43.05539,-75.38792,"N","SODIUM",30000,"ug/L"
430355074072001,2017-10-12,43.065361,-74.121778,"N","SODIUM",24000,"ug/L"
430444074214301,2017-10-10,43.081306,-74.359861,"N","SODIUM",8650,"ug/L"
430605073571001,2012-08-20,43.101583,-73.952917,"N","SODIUM",3420,"ug/L"
430616074155501,2012-08-07,43.104444,-74.265278,"Y","SODIUM",51600,"ug/L"
430647076552901,2012-12-03,43.112959,-76.922326,"N","SODIUM",13000,"ug/L"
430647076552901,2012-12-03,43.112959,-76.922326,"N","SODIUM",13300,"ug/L"
430647076552901,2017-12-06,43.112959,-76.922326,"N","SODIUM",14600,"ug/L"
430655075240001,2011-07-21,43.115667,-75.400306,"N","SODIUM",56600,"ug/L"
430655075240001,2021-09-07,43.115667,-75.400306,"N","SODIUM",57800,"ug/L"
430728073443401,2012-08-16,43.1245,-73.742694,"N","SODIUM",42800,"ug/L"
430728073443401,2017-05-31,43.1245,-73.742694,"N","SODIUM",53200,"ug/L"
430805077541601,2020-07-28,43.134778,-77.904639,"N","SODIUM",15000,"ug/L"
430840075202401,2016-11-01,43.14467,-75.34008,"N","SODIUM",15400,"ug/L"
430842074081101,2012-08-07,43.144861,-74.103056,"Y","SODIUM",10100,"ug/L"
430848074581101,2021-08-25,43.14656,-74.96978,"N","SODIUM",5020,"ug/L"
431020077001601,2017-10-18,43.167085,-77.008409,"N","SODIUM",23600,"ug/L"
431033074303601,2021-09-16,43.175778,-74.509861,"Y","SODIUM",5420,"ug/L"
431142074394401,2016-12-06,43.19514,-74.66208,"Y","SODIUM",3670,"ug/L"
431155077491401,2021-09-13,43.198639,-77.820806,"N","SODIUM",55500,"ug/L"
431230078023001,2011-08-17,43.216639,-78.037667,"N","SODIUM",17700,"ug/L"
431230078023001,2016-12-07,43.216639,-78.037667,"N","SODIUM",22600,"ug/L"
431230078023001,2021-07-27,43.216639,-78.037667,"N","SODIUM",19700,"ug/L"
431240073281701,2012-08-08,43.212639,-73.471722,"N","SODIUM",42700,"ug/L"
431333074102001,2012-08-23,43.205583,-74.196333,"Y","SODIUM",8500,"ug/L"
431350074110301,2017-09-25,43.230806,-74.183472,"Y","SODIUM",5540,"ug/L"
431353075041801,2016-11-14,43.231389,-75.071389,"N","SODIUM",11800,"ug/L"
431416077531001,2016-10-24,43.237825,-77.885997,"N","SODIUM",369000,"ug/L"
431448073290901,2017-10-04,43.21264,-73.47089,"N","SODIUM",21900,"ug/L"
431542075520801,2012-11-28,43.261837,-75.869072,"N","SODIUM",1420,"ug/L"
431542075520801,2017-12-12,43.261837,-75.869072,"N","SODIUM",1390,"ug/L"
431547077525001,2021-07-27,43.263167,-77.8805,"N","SODIUM",143000,"ug/L"
431553077564301,2021-07-28,43.264806,-77.945222,"N","SODIUM",3770000,"ug/L"
431620074000701,2012-08-09,43.287083,-74.006861,"Y","SODIUM",8550,"ug/L"
431635075310401,2017-10-16,43.276539,-75.518002,"N","SODIUM",5320,"ug/L"
431803073234601,2017-10-03,43.300944,-73.395944,"N","SODIUM",3110,"ug/L"
431815076233801,2017-11-07,43.260672,-76.355435,"N","SODIUM",22800,"ug/L"
431836078065901,2016-12-13,43.309991,-78.116386,"N","SODIUM",32500,"ug/L"
431838078032001,2021-07-28,43.310472,-78.055444,"N","SODIUM",14500,"ug/L"
431847075002101,2021-08-16,43.313028,-75.005944,"Y","SODIUM",5970,"ug/L"
431902073505301,2017-09-25,43.317611,-73.848278,"Y","SODIUM",87800,"ug/L"
431906076404201,2012-11-14,43.318442,-76.678308,"N","SODIUM",3990,"ug/L"
431906076404201,2017-12-06,43.318442,-76.678308,"N","SODIUM",4230,"ug/L"
432010075104701,2021-08-16,43.338667,-75.334222,"N","SODIUM",27400,"ug/L"
432103078043901,2016-08-17,43.35088,-78.077442,"N","SODIUM",53200,"ug/L"
432229073462101,2017-09-26,43.375083,-73.772833,"Y","SODIUM",6600,"ug/L"
432325075250301,2016-11-02,43.39025,-75.41778,"N","SODIUM",1910,"ug/L"
432349075565301,2018-11-07,43.397028,-75.948167,"N","SODIUM",17100,"ug/L"
432404074440001,2016-10-18,43.398583,-74.74228,"Y","SODIUM",14400,"ug/L"
432407073152001,2014-07-01,43.403944,-73.254,"N","SODIUM",4740,"ug/L"
432407073152001,2019-07-08,43.403944,-73.254,"N","SODIUM",6940,"ug/L"
432428073311501,2014-07-01,43.40875,-73.544083,"N","SODIUM",3900,"ug/L"
432428073311501,2019-07-31,43.40875,-73.544083,"N","SODIUM",4030,"ug/L"
432440074151501,2017-10-10,43.413806,-74.254139,"Y","SODIUM",2310,"ug/L"
432536076134601,2013-08-27,43.42675,-76.229417,"N","SODIUM",34500,"ug/L"
432536076134601,2018-11-06,43.42675,-76.229417,"N","SODIUM",17400,"ug/L"
432652075121601,2013-08-14,43.447806,-75.203917,"N","SODIUM",39000,"ug/L"
432652075121601,2018-09-26,43.447806,-75.203917,"N","SODIUM",64700,"ug/L"
432816074244501,2012-08-21,43.478944,-74.390889,"Y","SODIUM",122000,"ug/L"
432820075441501,2017-10-17,43.473598,-75.739299,"N","SODIUM",8780,"ug/L"
432836075232701,2013-07-31,43.476667,-75.390833,"N","SODIUM",5170,"ug/L"
432902073415202,2019-08-20,43.484722,-73.704167,"Y","SODIUM",40600,"ug/L"
432920075550901,2017-09-25,43.488913,-75.91916,"N","SODIUM",3020,"ug/L"
432920075550901,2017-09-25,43.488913,-75.91916,"N","SODIUM",3030,"ug/L"
433027075591701,2013-11-05,43.507639,-75.9875,"N","SODIUM",3030,"ug/L"
433035073450703,2012-08-14,43.509722,-73.751944,"Y","SODIUM",26800,"ug/L"
433047074220501,2017-10-11,43.513278,-74.368583,"Y","SODIUM",2690,"ug/L"
433050075423501,2013-08-08,43.507472,-75.6975,"N","SODIUM",3400,"ug/L"
433104073483901,2017-10-03,43.517889,-73.810722,"Y","SODIUM",12100,"ug/L"
433104073572301,2012-08-15,43.52,-73.952944,"Y","SODIUM",4260,"ug/L"
433114075194101,2013-07-29,43.520472,-75.328111,"N","SODIUM",170000,"ug/L"
433320073153401,2019-07-15,43.555556,-73.259306,"N","SODIUM",19000,"ug/L"
433350075442301,2018-11-19,43.564,-75.739722,"N","SODIUM",1030,"ug/L"
433357076074401,2018-11-19,43.565806,-76.128917,"N","SODIUM",3820,"ug/L"
433539076005201,2013-08-28,43.594222,-76.014361,"N","SODIUM",4620,"ug/L"
433539076005201,2013-08-28,43.594222,-76.014361,"N","SODIUM",4650,"ug/L"
433616075184601,2013-07-29,43.604556,-75.312778,"N","SODIUM",4330,"ug/L"
433706075182601,2018-09-24,43.618333,-75.307222,"N","SODIUM",25600,"ug/L"
433720073532301,2017-10-04,43.622611,-73.890056,"Y","SODIUM",7050,"ug/L"
434048075211301,2013-08-22,43.680083,-75.353556,"N","SODIUM",311000,"ug/L"
434152073591001,2012-08-14,43.696667,-73.991139,"Y","SODIUM",5070,"ug/L"
434239076032202,2013-08-27,43.710197,-76.056803,"N","SODIUM",5840,"ug/L"
434239076032202,2013-08-27,43.710197,-76.056803,"N","SODIUM",6000,"ug/L"
434341076082601,2018-11-19,43.728056,-76.140472,"N","SODIUM",21600,"ug/L"
434414074580201,2013-08-07,43.736222,-74.968389,"Y","SODIUM",1850,"ug/L"
434414074580201,2018-10-24,43.736222,-74.968389,"Y","SODIUM",1880,"ug/L"
434443073234501,2019-07-22,43.74525,-73.395722,"Y","SODIUM",2e+05,"ug/L"
434443073234501,2019-07-22,43.74525,-73.395722,"Y","SODIUM",197000,"ug/L"
434445074172301,2017-10-11,43.745722,-74.289861,"Y","SODIUM",77200,"ug/L"
434656074125801,2012-08-13,43.782417,-74.216,"Y","SODIUM",4340,"ug/L"
434656074125801,2012-08-13,43.782417,-74.216,"Y","SODIUM",4270,"ug/L"
434729073582601,2017-10-05,43.789472,-74.019194,"Y","SODIUM",61900,"ug/L"
434803075402901,2018-11-20,43.800944,-75.674806,"N","SODIUM",550000,"ug/L"
434819073262101,2014-06-23,43.805139,-73.439389,"Y","SODIUM",35100,"ug/L"
434835075490401,2018-11-20,43.809722,-75.817778,"N","SODIUM",38700,"ug/L"
434840076014001,2013-08-27,43.82575,-76.026139,"N","SODIUM",26700,"ug/L"
434840076014001,2013-08-27,43.82575,-76.026139,"N","SODIUM",27000,"ug/L"
434904074521901,2013-08-21,43.817861,-74.871722,"Y","SODIUM",5280,"ug/L"
435000073461202,2012-08-16,43.833333,-73.77,"Y","SODIUM",14800,"ug/L"
435000073461202,2017-11-14,43.833333,-73.77,"Y","SODIUM",16200,"ug/L"
435015075241701,2018-10-30,43.837611,-75.404694,"N","SODIUM",202000,"ug/L"
435217073261701,2019-07-17,43.871444,-73.438167,"Y","SODIUM",12900,"ug/L"
435217074380001,2020-09-10,43.871639,-74.632778,"Y","SODIUM",5320,"ug/L"
435303075305901,2013-08-15,43.884,-75.516611,"N","SODIUM",48400,"ug/L"
435309073264201,2019-09-03,43.885972,-73.445,"Y","SODIUM",4840,"ug/L"
435313075402301,2013-08-15,43.917583,-75.66575,"N","SODIUM",12700,"ug/L"
435417074545301,2018-10-09,43.904639,-74.914778,"Y","SODIUM",3500,"ug/L"
435748074073701,2017-11-08,43.963444,-74.127028,"Y","SODIUM",1500,"ug/L"
435919076134501,2018-10-29,43.972861,-76.276806,"N","SODIUM",140000,"ug/L"
435928074263901,2015-11-02,43.991111,-74.427667,"Y","SODIUM",3610,"ug/L"
435943073401401,2012-08-15,43.995278,-73.670278,"Y","SODIUM",3210,"ug/L"
440012074243601,2020-07-21,44.00344,-74.41011,"Y","SODIUM",3200,"ug/L"
440046075462301,2018-11-20,44.012667,-75.773111,"N","SODIUM",35100,"ug/L"
440207075402801,2018-10-03,44.035222,-75.674417,"N","SODIUM",28900,"ug/L"
440229075501101,2015-11-05,44.041389,-75.836361,"N","SODIUM",168000,"ug/L"
440350073270501,2014-06-24,44.063361,-73.451444,"Y","SODIUM",4550,"ug/L"
440517075482701,2020-09-17,44.078889,-75.815278,"N","SODIUM",155000,"ug/L"
440517075482701,2020-09-17,44.07889,-75.81528,"N","SODIUM",155000,"ug/L"
440819074331301,2020-09-09,44.13875,-74.553694,"Y","SODIUM",1190000,"ug/L"
440824075232501,2015-11-05,44.139861,-75.389861,"N","SODIUM",3310,"ug/L"
440826074542701,2020-08-26,44.140556,-74.907444,"Y","SODIUM",3290,"ug/L"
440846075193301,2020-07-29,44.09481,-75.365,"N","SODIUM",3990,"ug/L"
441245075142601,2015-11-03,44.212389,-75.238694,"N","SODIUM",1450,"ug/L"
441248075050201,2020-08-27,44.213389,-75.084083,"Y","SODIUM",21900,"ug/L"
441256074190401,2020-09-23,44.21572,-74.31783,"Y","SODIUM",13900,"ug/L"
441256075575501,2013-08-26,44.217472,-75.963028,"N","SODIUM",33400,"ug/L"
441301074364801,2015-11-02,44.218861,-74.616778,"Y","SODIUM",6020,"ug/L"
441307076082501,2015-11-04,44.218667,-76.141556,"N","SODIUM",69500,"ug/L"
441337074333602,2020-09-09,44.226944,-74.56,"Y","SODIUM",15100,"ug/L"
441521074030701,2014-07-09,44.255611,-74.051472,"Y","SODIUM",1700,"ug/L"
441525073464301,2019-09-10,44.256833,-73.778722,"Y","SODIUM",38900,"ug/L"
441636075375701,2015-11-04,44.276611,-75.6325,"N","SODIUM",44800,"ug/L"
441656073325202,2019-09-11,44.282417,-73.547972,"Y","SODIUM",5340,"ug/L"
441703074294501,2020-08-26,44.28422,-74.49594,"Y","SODIUM",2300,"ug/L"
441703074294501,2020-08-26,44.28422,-74.49594,"Y","SODIUM",2270,"ug/L"
441743073361901,2014-07-09,44.297139,-73.606444,"Y","SODIUM",2130,"ug/L"
441758075550101,2015-11-04,44.2995,-75.917056,"N","SODIUM",37400,"ug/L"
442045074064801,2019-09-09,44.346075,-74.113397,"Y","SODIUM",30200,"ug/L"
442101073425601,2014-10-28,44.350556,-73.715583,"Y","SODIUM",3480,"ug/L"
442101073425601,2019-09-10,44.350556,-73.715583,"Y","SODIUM",6690,"ug/L"
442332075113901,2020-07-29,44.392306,-75.194417,"N","SODIUM",7230,"ug/L"
442334073244001,2019-09-11,44.392778,-73.411111,"Y","SODIUM",3960,"ug/L"
442513073481601,2014-12-09,44.421,-73.8065,"Y","SODIUM",2810,"ug/L"
442844075350101,2015-11-19,44.478972,-75.583417,"N","SODIUM",11700,"ug/L"
442859073250301,2019-09-16,44.483056,-73.4175,"Y","SODIUM",4440,"ug/L"
443014074541201,2020-07-22,44.50375,-74.90325,"N","SODIUM",3590,"ug/L"
443021075042901,2015-11-17,44.505833,-75.074444,"N","SODIUM",4550,"ug/L"
443022073520701,2019-09-18,44.506139,-73.868694,"Y","SODIUM",4100,"ug/L"
443115075040801,2020-07-30,44.520972,-75.069111,"N","SODIUM",6010,"ug/L"
443249073263001,2014-10-06,44.542944,-73.426417,"Y","SODIUM",30900,"ug/L"
443306074555101,2015-11-17,44.551583,-74.930917,"N","SODIUM",4170,"ug/L"
443306074555101,2020-07-22,44.551583,-74.930917,"N","SODIUM",5460,"ug/L"
443329075412101,2020-09-08,44.558056,-75.689167,"N","SODIUM",4440,"ug/L"
443526073502601,2014-06-30,44.591111,-73.839861,"Y","SODIUM",8570,"ug/L"
443606074525801,2020-09-17,44.611222,-74.877139,"N","SODIUM",2970,"ug/L"
443714075241001,2020-07-30,44.618325,-75.401378,"N","SODIUM",43400,"ug/L"
443731073543601,2019-09-18,44.625194,-73.910056,"Y","SODIUM",2690,"ug/L"
443758074273001,2015-11-18,44.63325,-74.458611,"Y","SODIUM",3360,"ug/L"
443927075291301,2015-11-16,44.658028,-75.488139,"N","SODIUM",28200,"ug/L"
443935074303201,2020-09-16,44.669806,-74.535528,"Y","SODIUM",2760,"ug/L"
444008073441201,2019-09-17,44.668889,-73.736667,"Y","SODIUM",2110,"ug/L"
444041075313101,2020-07-21,44.678222,-75.525389,"N","SODIUM",132000,"ug/L"
444200075114801,2015-11-03,44.699583,-75.196278,"N","SODIUM",41100,"ug/L"
444203073325801,2014-10-07,44.707889,-73.546306,"N","SODIUM",3690,"ug/L"
444204073325901,2019-09-16,44.701111,-73.549722,"N","SODIUM",12900,"ug/L"
444204074073301,2015-11-18,44.701,-74.126278,"Y","SODIUM",2580,"ug/L"
444439074594601,2015-11-17,44.744028,-74.996444,"N","SODIUM",18700,"ug/L"
444454075075401,2020-07-23,44.752667,-75.213833,"N","SODIUM",34700,"ug/L"
444455074124102,2015-11-18,44.748611,-74.211389,"N","SODIUM",4170,"ug/L"
444455074124102,2020-09-16,44.748611,-74.211389,"N","SODIUM",4840,"ug/L"
444456074400301,2015-11-03,44.748778,-74.667444,"N","SODIUM",17400,"ug/L"
444721074453501,2020-09-17,44.787611,-74.755611,"N","SODIUM",6180,"ug/L"
444746074594501,2020-09-17,44.796167,-74.995778,"N","SODIUM",47200,"ug/L"
445104073390001,2014-11-24,44.842083,-73.646472,"N","SODIUM",33500,"ug/L"
445334073451301,2019-09-17,44.892667,-73.7535,"N","SODIUM",2710,"ug/L"
445343073264401,2019-09-04,44.895139,-73.445528,"N","SODIUM",91800,"ug/L"
445435074540402,2015-11-19,44.909639,-74.901056,"N","SODIUM",514000,"ug/L"
445916074095001,2015-11-16,44.988056,-74.163111,"N","SODIUM",8320,"ug/L"
445933074291801,2015-11-16,44.991944,-74.490833,"N","SODIUM",29100,"ug/L"
445933074291801,2015-11-16,44.992611,-74.488194,"N","SODIUM",29100,"ug/L"
445933074291801,2020-07-23,44.991944,-74.490833,"N","SODIUM",44400,"ug/L"
445933074291801,2020-07-23,44.992611,-74.488194,"N","SODIUM",44400,"ug/L"
445939073275102,2014-10-08,44.986472,-73.455028,"N","SODIUM",138000,"ug/L"
410654074005401,2013-08-01,41.115,-74.015278,"N","CHLORIDE",95.4,"mg/L"
410744074074901,2013-08-01,41.130306,-74.131806,"N","CHLORIDE",63.3,"mg/L"
410744074074901,2018-10-03,41.130306,-74.131806,"N","CHLORIDE",90.4,"mg/L"
410840073545201,2013-07-24,41.145278,-73.915556,"N","CHLORIDE",9.47,"mg/L"
411008073354401,2013-07-17,41.167306,-73.595444,"N","CHLORIDE",14.2,"mg/L"
411102074184901,2013-07-18,41.183722,-74.313583,"N","CHLORIDE",4.13,"mg/L"
411410073420301,2013-07-30,41.241722,-73.678306,"N","CHLORIDE",115,"mg/L"
411410073420301,2018-10-10,41.241722,-73.678306,"N","CHLORIDE",130,"mg/L"
411632073332101,2018-10-10,41.275583,-73.555917,"N","CHLORIDE",137,"mg/L"
411736074275102,2018-10-30,41.293333,-74.462778,"N","CHLORIDE",289,"mg/L"
411824074122501,2018-11-27,41.306667,-74.206944,"N","CHLORIDE",150,"mg/L"
411940073564401,2013-07-24,41.327194,-73.944028,"N","CHLORIDE",2.1,"mg/L"
412039074072001,2013-07-18,41.343417,-74.123361,"N","CHLORIDE",125,"mg/L"
412410073360105,2013-07-30,41.401111,-73.5975,"N","CHLORIDE",142,"mg/L"
412414074424301,2020-08-06,41.404139,-74.712167,"N","CHLORIDE",5.43,"mg/L"
412418074244202,2018-10-30,41.405,-74.411667,"N","CHLORIDE",62,"mg/L"
412733073550801,2018-10-03,41.461517,-73.918283,"N","CHLORIDE",21.4,"mg/L"
412824074321901,2013-07-23,41.470972,-74.542833,"N","CHLORIDE",84.3,"mg/L"
413340074111801,2013-07-15,41.560806,-74.164278,"N","CHLORIDE",33,"mg/L"
413434074291201,2020-08-18,41.576667,-74.486944,"N","CHLORIDE",14.9,"mg/L"
413449074344901,2018-10-31,41.580278,-74.580278,"N","CHLORIDE",2.42,"mg/L"
413551073473601,2013-07-16,41.597667,-73.793278,"N","CHLORIDE",9.69,"mg/L"
413603075024901,2020-08-04,41.60075,-75.046861,"N","CHLORIDE",26.3,"mg/L"
413657073542301,2018-09-18,41.61575,-73.9065,"N","CHLORIDE",98.7,"mg/L"
413934074094701,2013-07-16,41.660139,-74.163,"N","CHLORIDE",25.5,"mg/L"
414411073345302,2013-07-25,41.736389,-73.580833,"N","CHLORIDE",19.4,"mg/L"
414438074221701,2013-07-15,41.750417,-74.390722,"N","CHLORIDE",0.69,"mg/L"
414504074355301,2015-10-21,41.731389,-74.602222,"N","CHLORIDE",65.2,"mg/L"
414504074355301,2020-08-18,41.731389,-74.602222,"N","CHLORIDE",69.7,"mg/L"
414533074481901,2020-08-17,41.759439,-74.805386,"N","CHLORIDE",3.27,"mg/L"
414628073595701,2018-08-07,41.774444,-73.999167,"N","CHLORIDE",1.47,"mg/L"
414755074155701,2018-08-29,41.798611,-74.265833,"N","CHLORIDE",3.86,"mg/L"
414831074531101,2015-10-21,41.812806,-74.881972,"N","CHLORIDE",9.21,"mg/L"
415126074335301,2018-11-06,41.857222,-74.564722,"N","CHLORIDE",10,"mg/L"
415220075034801,2015-10-07,41.872472,-75.063389,"N","CHLORIDE",2.69,"mg/L"
415357073411401,2018-11-05,41.899167,-73.687222,"N","CHLORIDE",2.05,"mg/L"
415601074544901,2015-10-20,41.933056,-74.913333,"N","CHLORIDE",18.1,"mg/L"
415601074544901,2020-08-17,41.933056,-74.913333,"N","CHLORIDE",27.9,"mg/L"
415725073310802,2018-09-25,41.957037,-73.518457,"N","CHLORIDE",55.3,"mg/L"
415846074002401,2013-07-22,41.979444,-74.006667,"N","CHLORIDE",69.4,"mg/L"
415846074002401,2018-08-28,41.979444,-74.006667,"N","CHLORIDE",66.8,"mg/L"
415919074120201,2018-10-01,41.988611,-74.200556,"N","CHLORIDE",4.51,"mg/L"
420040075530601,2014-08-12,42.011028,-75.885,"N","CHLORIDE",17.5,"mg/L"
420044077171801,2018-09-12,42.012139,-77.288444,"N","CHLORIDE",20.6,"mg/L"
420123076221601,2014-07-21,42.023,-76.371139,"N","CHLORIDE",59.2,"mg/L"
420123076221601,2019-10-02,42.023,-76.371139,"N","CHLORIDE",82.1,"mg/L"
420125074474901,2020-08-03,42.022028,-74.800667,"N","CHLORIDE",0.58,"mg/L"
420133077554501,2020-09-16,42.022222,-77.924139,"N","CHLORIDE",1.41,"mg/L"
420143079375601,2016-11-29,42.0286,-79.6322,"N","CHLORIDE",20.4,"mg/L"
420219077462301,2020-09-15,42.037,-77.77694,"N","CHLORIDE",36.3,"mg/L"
420219077462301,2020-09-15,42.037,-77.776944,"N","CHLORIDE",36.3,"mg/L"
420247077323901,2013-06-26,42.047944,-77.543361,"N","CHLORIDE",10.1,"mg/L"
420302075214301,2015-10-19,42.050306,-75.362278,"N","CHLORIDE",24.2,"mg/L"
420303076300701,2014-07-21,42.050917,-76.502194,"N","CHLORIDE",3.29,"mg/L"
420309078292001,2021-07-26,42.052556,-78.48875,"N","CHLORIDE",26.4,"mg/L"
420327076451101,2018-09-10,42.057556,-76.753028,"N","CHLORIDE",5.58,"mg/L"
420340077035001,2013-08-06,42.061194,-77.064139,"N","CHLORIDE",1.22,"mg/L"
420351074200001,2013-07-22,42.065056,-74.334444,"N","CHLORIDE",0.96,"mg/L"
420357075245901,2015-10-19,42.065889,-75.416444,"N","CHLORIDE",54.6,"mg/L"
420405079093201,2016-11-28,42.06814,-79.15881,"N","CHLORIDE",144,"mg/L"
420417075382801,2014-07-28,42.071417,-75.640972,"N","CHLORIDE",232,"mg/L"
420422074283101,2018-08-27,42.072778,-74.475278,"N","CHLORIDE",71.2,"mg/L"
420446078094501,2016-12-05,42.079436,-78.16258,"N","CHLORIDE",119,"mg/L"
420448077550901,2020-09-16,42.08019,-77.91917,"N","CHLORIDE",20.5,"mg/L"
420508075502201,2019-07-18,42.083083,-75.8405,"N","CHLORIDE",12.1,"mg/L"
420540076030701,2014-07-10,42.094722,-76.051686,"N","CHLORIDE",312,"mg/L"
420540076030701,2019-10-07,42.094722,-76.051686,"N","CHLORIDE",304,"mg/L"
420630077145001,2013-06-27,42.106417,-77.248861,"N","CHLORIDE",53.3,"mg/L"
420702076105301,2014-08-18,42.117278,-76.181278,"N","CHLORIDE",1.22,"mg/L"
420719079183101,2016-11-28,42.1221,-79.3086,"N","CHLORIDE",133,"mg/L"
420804074060001,2021-08-26,42.134361,-74.100028,"N","CHLORIDE",1.69,"mg/L"
420811079120701,2021-07-27,43.146556,-74.969778,"?","CHLORIDE",27.4,"mg/L"
420814077373001,2013-07-11,42.1385,-77.62475,"N","CHLORIDE",2.92,"mg/L"
420924074315601,2015-10-14,42.150889,-74.520833,"N","CHLORIDE",35.2,"mg/L"
420925075534001,2019-11-25,42.157014,-75.894519,"N","CHLORIDE",180,"mg/L"
420926079355501,2011-11-08,42.1576,-79.5983,"N","CHLORIDE",93.2,"mg/L"
420926079355501,2011-11-08,42.1576,-79.5983,"N","CHLORIDE",93.1,"mg/L"
420926079355501,2016-11-29,42.1576,-79.5983,"N","CHLORIDE",65.8,"mg/L"
420927077471501,2020-09-15,42.157861,-77.787389,"N","CHLORIDE",25.4,"mg/L"
420940074492001,2015-10-06,42.16075,-74.820972,"N","CHLORIDE",0.56,"mg/L"
421007075194201,2020-07-15,42.168833,-75.3285,"N","CHLORIDE",0.66,"mg/L"
421012074391201,2020-08-05,42.16868,-74.652139,"N","CHLORIDE",5.49,"mg/L"
421013078230601,2021-09-14,42.170344,-78.384741,"N","CHLORIDE",119,"mg/L"
421018076232001,2019-10-07,42.17175,-76.388972,"N","CHLORIDE",1.87,"mg/L"
421036079214601,2016-10-31,42.176686,-79.362886,"N","CHLORIDE",0.77,"mg/L"
421043075073001,2020-08-05,42.17868,-75.12521,"N","CHLORIDE",7.26,"mg/L"
421125079143801,2016-10-11,42.190194,-79.244583,"N","CHLORIDE",120,"mg/L"
421130077233601,2013-07-10,42.190833,-77.392722,"N","CHLORIDE",53.2,"mg/L"
421158079031201,2016-10-12,42.199381,-79.053275,"N","CHLORIDE",5.5,"mg/L"
421208078075601,2020-09-01,42.20208,-78.13219,"N","CHLORIDE",6.99,"mg/L"
421221075462001,2019-07-18,42.205806,-75.772167,"N","CHLORIDE",65,"mg/L"
421246078161601,2021-09-15,42.212845,-78.270848,"N","CHLORIDE",36,"mg/L"
421300078160001,2011-08-22,42.2156,-78.2728,"N","CHLORIDE",72,"mg/L"
421300078160001,2011-08-22,42.215667,-78.272778,"N","CHLORIDE",72,"mg/L"
421300078160001,2016-09-12,42.2156,-78.2728,"N","CHLORIDE",65,"mg/L"
421300078160001,2016-09-12,42.215667,-78.272778,"N","CHLORIDE",65,"mg/L"
421300078160001,2021-09-15,42.2156,-78.2728,"N","CHLORIDE",75.4,"mg/L"
421300078160001,2021-09-15,42.215667,-78.272778,"N","CHLORIDE",75.4,"mg/L"
421322073475105,2018-08-13,42.222808,-73.797508,"N","CHLORIDE",75.4,"mg/L"
421338073380901,2013-07-25,42.227333,-73.634833,"N","CHLORIDE",15.6,"mg/L"
421338073380901,2018-08-14,42.227333,-73.634833,"N","CHLORIDE",23.9,"mg/L"
421341077121801,2018-10-02,42.2282,-77.205225,"N","CHLORIDE",46.9,"mg/L"
421342078430401,2021-07-27,42.228306,-78.717722,"N","CHLORIDE",2.75,"mg/L"
421348075505701,2014-07-30,42.230083,-75.849194,"N","CHLORIDE",2260,"mg/L"
421350076110301,2014-07-09,42.230528,-76.184278,"N","CHLORIDE",24.4,"mg/L"
421350076110301,2019-10-01,42.230528,-76.184278,"N","CHLORIDE",21.9,"mg/L"
421512079161601,2021-07-27,42.265778,-79.257556,"N","CHLORIDE",40.9,"mg/L"
421512079161601,2021-07-27,42.265778,-79.257556,"N","CHLORIDE",41,"mg/L"
421526076402701,2019-09-30,42.257111,-76.674056,"N","CHLORIDE",0.7,"mg/L"
421526076402701,2019-09-30,42.257111,-76.674056,"N","CHLORIDE",0.69,"mg/L"
421601079360901,2021-07-26,42.267022,-79.602467,"N","CHLORIDE",15.8,"mg/L"
421604074364001,2020-07-16,42.267333,-74.611167,"N","CHLORIDE",1.34,"mg/L"
421659078402301,2016-11-30,42.2831,-78.673,"N","CHLORIDE",13.7,"mg/L"
421800077051901,2013-07-25,42.299944,-77.088639,"N","CHLORIDE",38.1,"mg/L"
421801079055401,2021-07-28,42.295833,-79.099306,"N","CHLORIDE",13.6,"mg/L"
421820074013201,2018-10-04,42.305694,-74.025639,"N","CHLORIDE",82.1,"mg/L"
421854074255901,2016-11-15,42.31728,-74.42811,"N","CHLORIDE",92.5,"mg/L"
421857073530301,2013-07-11,42.315778,-73.884444,"N","CHLORIDE",11,"mg/L"
421902079213101,2016-11-16,42.317297,-79.358552,"N","CHLORIDE",10.5,"mg/L"
421949076224501,2019-10-02,42.330333,-76.379167,"N","CHLORIDE",66.1,"mg/L"
422017077005801,2013-07-09,42.337111,-77.015833,"N","CHLORIDE",6.82,"mg/L"
422040078232201,2016-08-03,42.344297,-78.38933,"N","CHLORIDE",2.19,"mg/L"
422047075100201,2019-10-21,42.346544,-75.167397,"N","CHLORIDE",40.2,"mg/L"
422055075445801,2019-10-01,42.348472,-75.749444,"N","CHLORIDE",2.6,"mg/L"
422112076364501,2012-11-20,42.352958,-76.612729,"N","CHLORIDE",123,"mg/L"
422112076364501,2017-12-13,42.352958,-76.612729,"N","CHLORIDE",131,"mg/L"
422118074103801,2013-07-09,42.355028,-74.176972,"N","CHLORIDE",5.03,"mg/L"
422118078543101,2016-08-02,42.354853,-78.908719,"N","CHLORIDE",5.15,"mg/L"
422120076502901,2017-11-06,42.35537,-76.842104,"N","CHLORIDE",19.6,"mg/L"
422126079024801,2021-07-28,42.361556,-79.050972,"N","CHLORIDE",156,"mg/L"
422130077400001,2018-08-28,42.359167,-77.666,"N","CHLORIDE",115,"mg/L"
422228073302701,2018-07-30,42.374444,-73.5075,"N","CHLORIDE",4.3,"mg/L"
422237076092001,2014-08-06,42.376833,-76.155444,"N","CHLORIDE",3.35,"mg/L"
422238074252101,2016-11-08,42.38233,-74.41911,"N","CHLORIDE",264,"mg/L"
422249073392501,2018-09-19,42.380278,-73.656944,"N","CHLORIDE",4.21,"mg/L"
422309074525301,2015-10-13,42.386028,-74.881333,"N","CHLORIDE",0.8,"mg/L"
422426078280701,2016-07-20,42.407214,-78.468636,"N","CHLORIDE",0.52,"mg/L"
422440077253301,2018-09-04,42.411111,-77.425833,"N","CHLORIDE",73.2,"mg/L"
422508077441301,2018-09-05,42.418889,-77.736944,"N","CHLORIDE",17,"mg/L"
422515074312001,2016-10-19,42.420528,-74.523056,"N","CHLORIDE",3.37,"mg/L"
422515074312001,2016-10-19,42.420528,-74.523056,"N","CHLORIDE",3.05,"mg/L"
422527078292101,2021-07-29,42.419528,-78.494667,"N","CHLORIDE",33.5,"mg/L"
422559078545801,2021-07-27,42.433083,-78.916222,"N","CHLORIDE",4.55,"mg/L"
422618075360001,2014-08-14,42.438407,-75.59963,"N","CHLORIDE",61.6,"mg/L"
422637076163501,2019-10-01,42.443694,-76.276444,"N","CHLORIDE",0.74,"mg/L"
422660073385401,2013-07-08,42.449917,-73.648833,"N","CHLORIDE",70.6,"mg/L"
422718078005301,2020-09-14,42.455222,-78.005611,"N","CHLORIDE",9.01,"mg/L"
422722078562001,2016-12-06,42.456054,-78.938877,"N","CHLORIDE",23.9,"mg/L"
422729077465601,2020-09-15,42.457722,-77.78225,"N","CHLORIDE",45,"mg/L"
422752078064801,2020-09-14,42.46456,-78.11356,"N","CHLORIDE",21.6,"mg/L"
422753075191901,2014-08-13,42.464944,-75.321806,"N","CHLORIDE",21.3,"mg/L"
422809074473901,2014-07-30,42.469111,-74.794028,"N","CHLORIDE",7.56,"mg/L"
422827074509901,2019-10-21,42.472364,-74.850006,"N","CHLORIDE",32.7,"mg/L"
422831079100101,2016-11-30,42.475297,-79.167052,"N","CHLORIDE",15.1,"mg/L"
422833079095101,2021-07-26,42.468333,-79.175667,"N","CHLORIDE",15.9,"mg/L"
422902077070401,2017-10-30,42.483984,-77.117621,"N","CHLORIDE",52.5,"mg/L"
422903078364701,2016-08-08,42.484186,-78.607941,"N","CHLORIDE",1.4,"mg/L"
422906076174801,2017-12-18,42.485001,-76.296536,"N","CHLORIDE",7.65,"mg/L"
422937076531401,2012-10-23,42.49341,-76.887624,"N","CHLORIDE",80.8,"mg/L"
422937076531401,2017-11-20,42.49341,-76.887624,"N","CHLORIDE",54.3,"mg/L"
423001078400001,2011-09-28,42.51525,-78.669833,"N","CHLORIDE",46.9,"mg/L"
423001078400001,2011-09-28,42.5152,-78.6708,"N","CHLORIDE",46.9,"mg/L"
423001078400001,2011-09-28,42.515222,-78.670306,"N","CHLORIDE",46.9,"mg/L"
423001078400001,2016-11-15,42.51525,-78.669833,"N","CHLORIDE",92.5,"mg/L"
423001078400001,2016-11-15,42.5152,-78.6708,"N","CHLORIDE",92.5,"mg/L"
423001078400001,2016-11-15,42.515222,-78.670306,"N","CHLORIDE",92.5,"mg/L"
423001078400001,2021-09-15,42.51525,-78.669833,"N","CHLORIDE",85.7,"mg/L"
423001078400001,2021-09-15,42.5152,-78.6708,"N","CHLORIDE",85.7,"mg/L"
423001078400001,2021-09-15,42.515222,-78.670306,"N","CHLORIDE",85.7,"mg/L"
423024074583101,2014-08-05,42.506861,-74.975528,"N","CHLORIDE",4.15,"mg/L"
423054073410201,2018-07-31,42.515081,-73.683452,"N","CHLORIDE",59.2,"mg/L"
423118077282001,2018-08-29,42.521778,-77.472167,"N","CHLORIDE",37.7,"mg/L"
423124077414901,2020-09-15,42.523222,-77.697,"N","CHLORIDE",107,"mg/L"
423141074153301,2018-08-01,42.528056,-74.259167,"N","CHLORIDE",9.08,"mg/L"
423156075232101,2019-10-30,42.532222,-75.389167,"N","CHLORIDE",35.1,"mg/L"
423200078250001,2011-09-28,42.53475,-78.424306,"N","CHLORIDE",34.5,"mg/L"
423200078250001,2016-07-27,42.53475,-78.424306,"N","CHLORIDE",33.4,"mg/L"
423200078250001,2021-07-29,42.53475,-78.424306,"N","CHLORIDE",30.4,"mg/L"
423236075540301,2014-08-04,42.543417,-75.900806,"N","CHLORIDE",44.1,"mg/L"
423236075540301,2019-09-30,42.543417,-75.900806,"N","CHLORIDE",37.7,"mg/L"
423247078145101,2020-08-31,42.54645,-78.247533,"N","CHLORIDE",14.9,"mg/L"
423247078145101,2020-08-31,42.54645,-78.247533,"N","CHLORIDE",14.1,"mg/L"
423254076355401,2017-12-19,42.54815,-76.598319,"N","CHLORIDE",28.5,"mg/L"
423303077485101,2020-09-01,42.551097,-77.766239,"N","CHLORIDE",7.06,"mg/L"
423308073503801,2013-07-09,42.552333,-73.843833,"N","CHLORIDE",35.9,"mg/L"
423324074061601,2021-09-22,42.556889,-74.104581,"N","CHLORIDE",1.67,"mg/L"
423355073211301,2013-07-08,42.565111,-73.353556,"N","CHLORIDE",1.91,"mg/L"
423415078563901,2016-12-06,42.5734,-78.9442,"N","CHLORIDE",80.8,"mg/L"
423523076220902,2017-12-18,42.589609,-76.368841,"N","CHLORIDE",162,"mg/L"
423600078041001,2020-08-31,42.600267,-78.069633,"N","CHLORIDE",3.93,"mg/L"
423603076481801,2017-10-31,42.600669,-76.804927,"N","CHLORIDE",20.2,"mg/L"
423617074342201,2021-09-23,42.604833,-74.572861,"N","CHLORIDE",84.8,"mg/L"
423619077141001,2018-09-11,42.60525,-77.236083,"N","CHLORIDE",89.5,"mg/L"
423627077281701,2017-11-08,42.607502,-77.471205,"N","CHLORIDE",131,"mg/L"
423629078590801,2016-11-14,42.608158,-78.985663,"N","CHLORIDE",172,"mg/L"
423650079010601,2021-07-29,42.613889,-79.01825,"N","CHLORIDE",1070,"mg/L"
423710076015301,2014-07-22,42.619472,-76.031528,"N","CHLORIDE",29.2,"mg/L"
423714075193701,2019-10-30,42.620556,-75.326944,"N","CHLORIDE",31.7,"mg/L"
423718074401501,2014-07-29,42.621778,-74.670778,"N","CHLORIDE",111,"mg/L"
423718074401501,2019-10-22,42.621778,-74.670778,"N","CHLORIDE",116,"mg/L"
423729074070301,2016-10-24,42.62536,-74.11731,"N","CHLORIDE",4.56,"mg/L"
423731075193901,2014-08-11,42.621528,-75.326278,"N","CHLORIDE",22.8,"mg/L"
423808076015401,2019-09-30,42.635444,-76.031639,"N","CHLORIDE",2.84,"mg/L"
423825078320601,2016-12-05,42.640207,-78.535123,"N","CHLORIDE",33.8,"mg/L"
423855073544601,2013-07-10,42.648222,-73.912194,"N","CHLORIDE",37.1,"mg/L"
423901075362101,2019-10-28,42.650361,-75.605889,"N","CHLORIDE",21.5,"mg/L"
423902074062501,2021-08-26,42.650831,-74.107219,"N","CHLORIDE",22.2,"mg/L"
423913077311101,2013-07-23,42.654083,-77.520194,"N","CHLORIDE",0.84,"mg/L"
423919073553801,2018-07-31,42.655356,-73.926792,"N","CHLORIDE",233,"mg/L"
423938075024001,2014-07-07,42.661528,-75.043722,"N","CHLORIDE",109,"mg/L"
424025076321001,2012-08-22,42.67386,-76.535769,"N","CHLORIDE",21.5,"mg/L"
424025076321001,2017-12-20,42.67386,-76.535769,"N","CHLORIDE",18.6,"mg/L"
424040074132301,2021-07-21,42.778056,-74.223194,"N","CHLORIDE",75,"mg/L"
424042078501601,2021-07-26,42.67825,-78.83775,"N","CHLORIDE",5.7,"mg/L"
424049078221801,2021-07-28,42.680389,-78.371639,"N","CHLORIDE",8.1,"mg/L"
424102075225601,2019-10-29,42.683833,-75.382167,"N","CHLORIDE",21.1,"mg/L"
424102078400701,2021-07-28,42.683778,-78.668583,"N","CHLORIDE",18.5,"mg/L"
424102079014101,2016-10-25,42.683936,-79.027941,"N","CHLORIDE",202,"mg/L"
424114077065201,2017-10-30,42.687461,-77.114124,"N","CHLORIDE",179,"mg/L"
424135073222101,2012-08-30,42.693056,-73.3725,"N","CHLORIDE",71.6,"mg/L"
424204074272201,2016-12-05,42.70111,-74.45622,"N","CHLORIDE",30.2,"mg/L"
424235078323101,2021-09-13,42.709722,-78.541667,"N","CHLORIDE",154,"mg/L"
424242074364401,2016-10-19,42.71169,-74.61231,"N","CHLORIDE",66.3,"mg/L"
424409073334801,2013-07-10,42.736,-73.563306,"N","CHLORIDE",14.4,"mg/L"
424450078282601,2016-08-16,42.747242,-78.473858,"N","CHLORIDE",171,"mg/L"
424450078282601,2016-11-01,42.747242,-78.473858,"N","CHLORIDE",35.2,"mg/L"
424508073210301,2017-09-27,42.75272,-73.35022,"N","CHLORIDE",27.1,"mg/L"
424549078184101,2021-07-26,42.762333,-78.311444,"N","CHLORIDE",16.3,"mg/L"
424555076582101,2017-12-11,42.76491,-76.972181,"N","CHLORIDE",67.5,"mg/L"
424601075440801,2014-07-23,42.766889,-75.735333,"N","CHLORIDE",51.1,"mg/L"
424619077122701,2017-10-24,42.772014,-77.206843,"N","CHLORIDE",250,"mg/L"
424631073391401,2017-09-27,42.772583,-73.649944,"N","CHLORIDE",6.08,"mg/L"
424656075385001,2019-10-29,42.782278,-75.647306,"N","CHLORIDE",25.9,"mg/L"
424702075253201,2019-10-29,42.783833,-75.4255,"N","CHLORIDE",6.09,"mg/L"
424713073473601,2011-07-25,42.786861,-73.792861,"N","CHLORIDE",24.6,"mg/L"
424713073473601,2016-10-31,42.786861,-73.792861,"N","CHLORIDE",34.3,"mg/L"
424713073473601,2021-09-23,42.786861,-73.792861,"N","CHLORIDE",30.7,"mg/L"
424748076065501,2019-10-02,42.796667,-76.115278,"N","CHLORIDE",135,"mg/L"
424815078164201,2021-07-26,42.804278,-78.278194,"N","CHLORIDE",35.9,"mg/L"
424834073491501,2016-10-31,42.80889,-73.78733,"N","CHLORIDE",124,"mg/L"
425004077575501,2020-09-14,42.8345,-77.9655,"N","CHLORIDE",487,"mg/L"
425004078232701,2016-07-25,42.834353,-78.390775,"N","CHLORIDE",1.04,"mg/L"
425008074060201,2016-10-17,42.839306,-74.10553,"N","CHLORIDE",0.84,"mg/L"
425029074504301,2019-07-09,42.841389,-74.845333,"N","CHLORIDE",5.48,"mg/L"
425106075422101,2019-10-29,42.851889,-75.705889,"N","CHLORIDE",11.2,"mg/L"
425129075572401,2019-10-02,42.858,-75.956806,"N","CHLORIDE",83.7,"mg/L"
425135076202901,2017-12-04,42.859901,-76.340882,"N","CHLORIDE",224,"mg/L"
425210074403901,2016-10-26,42.86958,-74.67733,"N","CHLORIDE",9.55,"mg/L"
425245074300201,2016-10-24,42.87514,-74.49542,"N","CHLORIDE",71.9,"mg/L"
425248075543801,2017-12-04,42.879777,-75.913548,"N","CHLORIDE",39.7,"mg/L"
425304075111801,2019-07-30,42.883944,-75.186417,"N","CHLORIDE",39.7,"mg/L"
425325073471901,2012-08-06,42.890472,-73.788222,"N","CHLORIDE",21.4,"mg/L"
425325073471901,2012-08-06,42.86556,-73.77139,"N","CHLORIDE",21.4,"mg/L"
425325073471901,2017-05-31,42.890472,-73.788222,"N","CHLORIDE",28.6,"mg/L"
425325073471901,2017-05-31,42.86556,-73.77139,"N","CHLORIDE",28.6,"mg/L"
425325075342201,2014-07-28,42.890306,-75.572528,"N","CHLORIDE",2.08,"mg/L"
425330073171501,2012-08-09,42.891667,-73.287528,"N","CHLORIDE",0.72,"mg/L"
425333076280501,2017-10-10,42.892411,-76.468,"N","CHLORIDE",6.45,"mg/L"
425424078294802,2011-08-03,42.9042,-78.4983,"N","CHLORIDE",169,"mg/L"
425424078294802,2011-08-03,42.904194,-78.498139,"N","CHLORIDE",169,"mg/L"
425424078294802,2016-11-15,42.9042,-78.4983,"N","CHLORIDE",261,"mg/L"
425424078294802,2016-11-15,42.904194,-78.498139,"N","CHLORIDE",261,"mg/L"
425424078294802,2021-07-29,42.9042,-78.4983,"N","CHLORIDE",258,"mg/L"
425424078294802,2021-07-29,42.904194,-78.498139,"N","CHLORIDE",258,"mg/L"
425424078294802,2021-07-29,42.9042,-78.4983,"N","CHLORIDE",260,"mg/L"
425424078294802,2021-07-29,42.904194,-78.498139,"N","CHLORIDE",260,"mg/L"
425508078153701,2016-08-01,42.918908,-78.260358,"N","CHLORIDE",380,"mg/L"
425545074574901,2019-07-30,42.92925,-74.963583,"N","CHLORIDE",2.18,"mg/L"
425549074030501,2021-08-03,42.930194,-74.051472,"N","CHLORIDE",353,"mg/L"
425550074330701,2011-07-27,42.930611,-74.551667,"N","CHLORIDE",89,"mg/L"
425550074330701,2011-07-27,42.9304,-74.5516,"N","CHLORIDE",89,"mg/L"
425550074330701,2011-07-27,42.930444,-74.551639,"N","CHLORIDE",89,"mg/L"
425550074330701,2016-11-07,42.930611,-74.551667,"N","CHLORIDE",106,"mg/L"
425550074330701,2016-11-07,42.9304,-74.5516,"N","CHLORIDE",106,"mg/L"
425550074330701,2016-11-07,42.930444,-74.551639,"N","CHLORIDE",106,"mg/L"
425550074330701,2021-09-08,42.930611,-74.551667,"N","CHLORIDE",119,"mg/L"
425550074330701,2021-09-08,42.9304,-74.5516,"N","CHLORIDE",119,"mg/L"
425550074330701,2021-09-08,42.930444,-74.551639,"N","CHLORIDE",119,"mg/L"
425552075224901,2011-07-21,42.928611,-75.381556,"N","CHLORIDE",89.5,"mg/L"
425552075224901,2016-11-01,42.928611,-75.381556,"N","CHLORIDE",104,"mg/L"
425552075224901,2021-08-18,42.928611,-75.381556,"N","CHLORIDE",86.7,"mg/L"
425553075283501,2021-08-18,42.931622,-75.476539,"N","CHLORIDE",4.17,"mg/L"
425606074372001,2021-09-08,42.935083,-74.622111,"N","CHLORIDE",182,"mg/L"
425646074220802,2021-09-09,42.946185,-74.368468,"N","CHLORIDE",170,"mg/L"
425651073395801,2012-08-06,42.947528,-73.666889,"N","CHLORIDE",14.9,"mg/L"
425710074351001,2021-09-09,42.952833,-74.586222,"N","CHLORIDE",40.6,"mg/L"
425716077254501,2017-09-27,42.954131,-77.434583,"N","CHLORIDE",1.14,"mg/L"
425751077000401,2017-12-11,42.964305,-77.000861,"N","CHLORIDE",30.4,"mg/L"
425825077422201,2020-07-27,42.973833,-77.706333,"N","CHLORIDE",71.5,"mg/L"
425846077494501,2020-07-28,42.979667,-77.829333,"N","CHLORIDE",89.5,"mg/L"
425854075285701,2017-11-01,42.981712,-75.48255,"N","CHLORIDE",13.3,"mg/L"
425900078120001,2011-08-04,42.984472,-78.161167,"N","CHLORIDE",128,"mg/L"
425900078120001,2016-08-09,42.984472,-78.161167,"N","CHLORIDE",190,"mg/L"
425900078120001,2021-07-29,42.984472,-78.161167,"N","CHLORIDE",180,"mg/L"
425918075143801,2021-08-25,42.988456,-75.244039,"N","CHLORIDE",14.8,"mg/L"
425918075143801,2021-08-25,42.988456,-75.244039,"N","CHLORIDE",14.9,"mg/L"
425944076385301,2017-10-10,42.995305,-76.647874,"N","CHLORIDE",3.55,"mg/L"
430047075003001,2011-07-27,43.013,-75.008028,"N","CHLORIDE",112,"mg/L"
430047075003001,2011-07-27,43.01325,-75.008056,"N","CHLORIDE",112,"mg/L"
430047075003001,2016-11-14,43.013,-75.008028,"N","CHLORIDE",108,"mg/L"
430047075003001,2016-11-14,43.01325,-75.008056,"N","CHLORIDE",108,"mg/L"
430047075003001,2021-08-17,43.013,-75.008028,"N","CHLORIDE",153,"mg/L"
430047075003001,2021-08-17,43.01325,-75.008056,"N","CHLORIDE",153,"mg/L"
430047078160201,2016-12-07,43.013039,-78.267106,"N","CHLORIDE",117,"mg/L"
430052073505501,2012-08-22,43.05425,-73.849639,"N","CHLORIDE",105,"mg/L"
430108075022801,2021-08-17,43.018972,-75.041,"N","CHLORIDE",61.5,"mg/L"
430131078240301,2016-07-18,43.025353,-78.400719,"N","CHLORIDE",70.8,"mg/L"
430150073513201,2017-09-26,43.041444,-73.860083,"N","CHLORIDE",40.5,"mg/L"
430150077405001,2020-09-14,43.030833,-77.680833,"N","CHLORIDE",31,"mg/L"
430201074283801,2016-10-25,43.03353,-74.47719,"N","CHLORIDE",11.5,"mg/L"
430247075115501,2016-10-26,43.04628,-75.19881,"N","CHLORIDE",19.4,"mg/L"
430300078571201,2021-07-29,43.050139,-78.953222,"N","CHLORIDE",1260,"mg/L"
430301073212601,2012-08-08,43.050361,-73.35725,"N","CHLORIDE",7.35,"mg/L"
430320075231601,2016-11-07,43.05539,-75.38792,"N","CHLORIDE",49.7,"mg/L"
430355074072001,2017-10-12,43.065361,-74.121778,"N","CHLORIDE",114,"mg/L"
430444074214301,2017-10-10,43.081306,-74.359861,"N","CHLORIDE",0.43,"mg/L"
430605073571001,2012-08-20,43.101583,-73.952917,"N","CHLORIDE",0.71,"mg/L"
430616074155501,2012-08-07,43.104444,-74.265278,"Y","CHLORIDE",87.7,"mg/L"
430647076552901,2012-12-03,43.112959,-76.922326,"N","CHLORIDE",22.6,"mg/L"
430647076552901,2012-12-03,43.112959,-76.922326,"N","CHLORIDE",22.5,"mg/L"
430647076552901,2017-12-06,43.112959,-76.922326,"N","CHLORIDE",25,"mg/L"
430655075240001,2011-07-21,43.115667,-75.400306,"N","CHLORIDE",101,"mg/L"
430655075240001,2021-09-07,43.115667,-75.400306,"N","CHLORIDE",97.3,"mg/L"
430728073443401,2012-08-16,43.1245,-73.742694,"N","CHLORIDE",86.7,"mg/L"
430728073443401,2017-05-31,43.1245,-73.742694,"N","CHLORIDE",96.1,"mg/L"
430805077541601,2020-07-28,43.134778,-77.904639,"N","CHLORIDE",34.2,"mg/L"
430840075202401,2016-11-01,43.14467,-75.34008,"N","CHLORIDE",7.88,"mg/L"
430842074081101,2012-08-07,43.144861,-74.103056,"Y","CHLORIDE",2.23,"mg/L"
430848074581101,2021-08-25,43.14656,-74.96978,"N","CHLORIDE",4.64,"mg/L"
431020077001601,2017-10-18,43.167085,-77.008409,"N","CHLORIDE",1.19,"mg/L"
431033074303601,2021-09-16,43.175778,-74.509861,"Y","CHLORIDE",0.99,"mg/L"
431142074394401,2016-12-06,43.19514,-74.66208,"Y","CHLORIDE",0.44,"mg/L"
431155077491401,2021-09-13,43.198639,-77.820806,"N","CHLORIDE",109,"mg/L"
431230078023001,2011-08-17,43.216639,-78.037667,"N","CHLORIDE",37.2,"mg/L"
431230078023001,2016-12-07,43.216639,-78.037667,"N","CHLORIDE",48.4,"mg/L"
431230078023001,2021-07-27,43.216639,-78.037667,"N","CHLORIDE",41.3,"mg/L"
431240073281701,2012-08-08,43.212639,-73.471722,"N","CHLORIDE",1.78,"mg/L"
431333074102001,2012-08-23,43.205583,-74.196333,"Y","CHLORIDE",10.6,"mg/L"
431350074110301,2017-09-25,43.230806,-74.183472,"Y","CHLORIDE",12.5,"mg/L"
431353075041801,2016-11-14,43.231389,-75.071389,"N","CHLORIDE",17.5,"mg/L"
431416077531001,2016-10-24,43.237825,-77.885997,"N","CHLORIDE",597,"mg/L"
431448073290901,2017-10-04,43.21264,-73.47089,"N","CHLORIDE",5.64,"mg/L"
431542075520801,2012-11-28,43.261837,-75.869072,"N","CHLORIDE",1.82,"mg/L"
431542075520801,2017-12-12,43.261837,-75.869072,"N","CHLORIDE",1.51,"mg/L"
431547077525001,2021-07-27,43.263167,-77.8805,"N","CHLORIDE",14.1,"mg/L"
431553077564301,2021-07-28,43.264806,-77.945222,"N","CHLORIDE",6620,"mg/L"
431620074000701,2012-08-09,43.287083,-74.006861,"Y","CHLORIDE",14.1,"mg/L"
431635075310401,2017-10-16,43.276539,-75.518002,"N","CHLORIDE",1.39,"mg/L"
431803073234601,2017-10-03,43.300944,-73.395944,"N","CHLORIDE",3.49,"mg/L"
431815076233801,2017-11-07,43.260672,-76.355435,"N","CHLORIDE",38.7,"mg/L"
431836078065901,2016-12-13,43.309991,-78.116386,"N","CHLORIDE",67.4,"mg/L"
431838078032001,2021-07-28,43.310472,-78.055444,"N","CHLORIDE",14.7,"mg/L"
431847075002101,2021-08-16,43.313028,-75.005944,"Y","CHLORIDE",1.7,"mg/L"
431902073505301,2017-09-25,43.317611,-73.848278,"Y","CHLORIDE",172,"mg/L"
431906076404201,2012-11-14,43.318442,-76.678308,"N","CHLORIDE",7.24,"mg/L"
431906076404201,2017-12-06,43.318442,-76.678308,"N","CHLORIDE",6.51,"mg/L"
432010075104701,2021-08-16,43.338667,-75.334222,"N","CHLORIDE",77.6,"mg/L"
432103078043901,2016-08-17,43.35088,-78.077442,"N","CHLORIDE",15.5,"mg/L"
432229073462101,2017-09-26,43.375083,-73.772833,"Y","CHLORIDE",1.96,"mg/L"
432325075250301,2016-11-02,43.39025,-75.41778,"N","CHLORIDE",0.84,"mg/L"
432349075565301,2018-11-07,43.397028,-75.948167,"N","CHLORIDE",0.7,"mg/L"
432404074440001,2016-10-18,43.398583,-74.74228,"Y","CHLORIDE",27.7,"mg/L"
432407073152001,2014-07-01,43.403944,-73.254,"N","CHLORIDE",7.48,"mg/L"
432407073152001,2019-07-08,43.403944,-73.254,"N","CHLORIDE",9.59,"mg/L"
432428073311501,2014-07-01,43.40875,-73.544083,"N","CHLORIDE",9.39,"mg/L"
432428073311501,2019-07-31,43.40875,-73.544083,"N","CHLORIDE",5.69,"mg/L"
432440074151501,2017-10-10,43.413806,-74.254139,"Y","CHLORIDE",7.37,"mg/L"
432536076134601,2013-08-27,43.42675,-76.229417,"N","CHLORIDE",61.3,"mg/L"
432536076134601,2018-11-06,43.42675,-76.229417,"N","CHLORIDE",26.9,"mg/L"
432652075121601,2013-08-14,43.447806,-75.203917,"N","CHLORIDE",83.3,"mg/L"
432652075121601,2018-09-26,43.447806,-75.203917,"N","CHLORIDE",133,"mg/L"
432816074244501,2012-08-21,43.478944,-74.390889,"Y","CHLORIDE",1440,"mg/L"
432820075441501,2017-10-17,43.473598,-75.739299,"N","CHLORIDE",0.42,"mg/L"
432836075232701,2013-07-31,43.476667,-75.390833,"N","CHLORIDE",2.15,"mg/L"
432902073415202,2019-08-20,43.484722,-73.704167,"Y","CHLORIDE",81.8,"mg/L"
432920075550901,2017-09-25,43.488913,-75.91916,"N","CHLORIDE",0.58,"mg/L"
433027075591701,2013-11-05,43.507639,-75.9875,"N","CHLORIDE",5.32,"mg/L"
433035073450703,2012-08-14,43.509722,-73.751944,"Y","CHLORIDE",46.2,"mg/L"
433047074220501,2017-10-11,43.513278,-74.368583,"Y","CHLORIDE",6.93,"mg/L"
433050075423501,2013-08-08,43.507472,-75.6975,"N","CHLORIDE",0.49,"mg/L"
433104073483901,2017-10-03,43.517889,-73.810722,"Y","CHLORIDE",14.9,"mg/L"
433104073572301,2012-08-15,43.52,-73.952944,"Y","CHLORIDE",2.16,"mg/L"
433114075194101,2013-07-29,43.520472,-75.328111,"N","CHLORIDE",11.6,"mg/L"
433320073153401,2019-07-15,43.555556,-73.259306,"N","CHLORIDE",1.35,"mg/L"
433350075442301,2018-11-19,43.564,-75.739722,"N","CHLORIDE",0.41,"mg/L"
433357076074401,2018-11-19,43.565806,-76.128917,"N","CHLORIDE",6.87,"mg/L"
433539076005201,2013-08-28,43.594222,-76.014361,"N","CHLORIDE",4.73,"mg/L"
433539076005201,2013-08-28,43.594222,-76.014361,"N","CHLORIDE",4.74,"mg/L"
433616075184601,2013-07-29,43.604556,-75.312778,"N","CHLORIDE",6.16,"mg/L"
433706075182601,2018-09-24,43.618333,-75.307222,"N","CHLORIDE",19.1,"mg/L"
433720073532301,2017-10-04,43.622611,-73.890056,"Y","CHLORIDE",0.51,"mg/L"
434048075211301,2013-08-22,43.680083,-75.353556,"N","CHLORIDE",636,"mg/L"
434152073591001,2012-08-14,43.696667,-73.991139,"Y","CHLORIDE",5.52,"mg/L"
434239076032202,2013-08-27,43.710197,-76.056803,"N","CHLORIDE",6.37,"mg/L"
434239076032202,2013-08-27,43.710197,-76.056803,"N","CHLORIDE",6.38,"mg/L"
434341076082601,2018-11-19,43.728056,-76.140472,"N","CHLORIDE",23,"mg/L"
434414074580201,2013-08-07,43.736222,-74.968389,"Y","CHLORIDE",0.38,"mg/L"
434414074580201,2018-10-24,43.736222,-74.968389,"Y","CHLORIDE",0.34,"mg/L"
434443073234501,2019-07-22,43.74525,-73.395722,"Y","CHLORIDE",350,"mg/L"
434443073234501,2019-07-22,43.74525,-73.395722,"Y","CHLORIDE",349,"mg/L"
434445074172301,2017-10-11,43.745722,-74.289861,"Y","CHLORIDE",202,"mg/L"
434656074125801,2012-08-13,43.782417,-74.216,"Y","CHLORIDE",1.08,"mg/L"
434656074125801,2012-08-13,43.782417,-74.216,"Y","CHLORIDE",1.11,"mg/L"
434729073582601,2017-10-05,43.789472,-74.019194,"Y","CHLORIDE",191,"mg/L"
434803075402901,2018-11-20,43.800944,-75.674806,"N","CHLORIDE",647,"mg/L"
434819073262101,2014-06-23,43.805139,-73.439389,"Y","CHLORIDE",19.4,"mg/L"
434835075490401,2018-11-20,43.809722,-75.817778,"N","CHLORIDE",1.36,"mg/L"
434840076014001,2013-08-27,43.82575,-76.026139,"N","CHLORIDE",34.1,"mg/L"
434904074521901,2013-08-21,43.817861,-74.871722,"Y","CHLORIDE",5.63,"mg/L"
435000073461202,2012-08-16,43.833333,-73.77,"Y","CHLORIDE",51.7,"mg/L"
435000073461202,2017-11-14,43.833333,-73.77,"Y","CHLORIDE",47.6,"mg/L"
435015075241701,2018-10-30,43.837611,-75.404694,"N","CHLORIDE",338,"mg/L"
435217073261701,2019-07-17,43.871444,-73.438167,"Y","CHLORIDE",1.03,"mg/L"
435217074380001,2020-09-10,43.871639,-74.632778,"Y","CHLORIDE",1.28,"mg/L"
435303075305901,2013-08-15,43.884,-75.516611,"N","CHLORIDE",65.5,"mg/L"
435309073264201,2019-09-03,43.885972,-73.445,"Y","CHLORIDE",7.78,"mg/L"
435313075402301,2013-08-15,43.917583,-75.66575,"N","CHLORIDE",29.3,"mg/L"
435417074545301,2018-10-09,43.904639,-74.914778,"Y","CHLORIDE",0.44,"mg/L"
435748074073701,2017-11-08,43.963444,-74.127028,"Y","CHLORIDE",10.4,"mg/L"
435919076134501,2018-10-29,43.972861,-76.276806,"N","CHLORIDE",90.6,"mg/L"
435928074263901,2015-11-02,43.991111,-74.427667,"Y","CHLORIDE",1.08,"mg/L"
435943073401401,2012-08-15,43.995278,-73.670278,"Y","CHLORIDE",3.07,"mg/L"
440012074243601,2020-07-21,44.00344,-74.41011,"Y","CHLORIDE",3.84,"mg/L"
440046075462301,2018-11-20,44.012667,-75.773111,"N","CHLORIDE",56.3,"mg/L"
440207075402801,2018-10-03,44.035222,-75.674417,"N","CHLORIDE",44.9,"mg/L"
440229075501101,2015-11-05,44.041389,-75.836361,"N","CHLORIDE",304,"mg/L"
440350073270501,2014-06-24,44.063361,-73.451444,"Y","CHLORIDE",5.8,"mg/L"
440517075482701,2020-09-17,44.078889,-75.815278,"N","CHLORIDE",357,"mg/L"
440517075482701,2020-09-17,44.07889,-75.81528,"N","CHLORIDE",357,"mg/L"
440819074331301,2020-09-09,44.13875,-74.553694,"Y","CHLORIDE",2550,"mg/L"
440824075232501,2015-11-05,44.139861,-75.389861,"N","CHLORIDE",2.16,"mg/L"
440826074542701,2020-08-26,44.140556,-74.907444,"Y","CHLORIDE",0.34,"mg/L"
440846075193301,2020-07-29,44.09481,-75.365,"N","CHLORIDE",9.57,"mg/L"
441245075142601,2015-11-03,44.212389,-75.238694,"N","CHLORIDE",0.5,"mg/L"
441248075050201,2020-08-27,44.213389,-75.084083,"Y","CHLORIDE",9.5,"mg/L"
441256074190401,2020-09-23,44.21572,-74.31783,"Y","CHLORIDE",3.29,"mg/L"
441256075575501,2013-08-26,44.217472,-75.963028,"N","CHLORIDE",24.8,"mg/L"
441301074364801,2015-11-02,44.218861,-74.616778,"Y","CHLORIDE",3.15,"mg/L"
441307076082501,2015-11-04,44.218667,-76.141556,"N","CHLORIDE",94.3,"mg/L"
441337074333602,2020-09-09,44.226944,-74.56,"Y","CHLORIDE",6.6,"mg/L"
441521074030701,2014-07-09,44.255611,-74.051472,"Y","CHLORIDE",0.28,"mg/L"
441525073464301,2019-09-10,44.256833,-73.778722,"Y","CHLORIDE",125,"mg/L"
441636075375701,2015-11-04,44.276611,-75.6325,"N","CHLORIDE",8.59,"mg/L"
441656073325202,2019-09-11,44.282417,-73.547972,"Y","CHLORIDE",8.06,"mg/L"
441703074294501,2020-08-26,44.28422,-74.49594,"Y","CHLORIDE",1.18,"mg/L"
441703074294501,2020-08-26,44.28422,-74.49594,"Y","CHLORIDE",1.17,"mg/L"
441743073361901,2014-07-09,44.297139,-73.606444,"Y","CHLORIDE",1.19,"mg/L"
441758075550101,2015-11-04,44.2995,-75.917056,"N","CHLORIDE",74.1,"mg/L"
442045074064801,2019-09-09,44.346075,-74.113397,"Y","CHLORIDE",62.2,"mg/L"
442101073425601,2014-10-28,44.350556,-73.715583,"Y","CHLORIDE",1.19,"mg/L"
442101073425601,2019-09-10,44.350556,-73.715583,"Y","CHLORIDE",20.2,"mg/L"
442332075113901,2020-07-29,44.392306,-75.194417,"N","CHLORIDE",7.35,"mg/L"
442334073244001,2019-09-11,44.392778,-73.411111,"Y","CHLORIDE",10.2,"mg/L"
442513073481601,2014-12-09,44.421,-73.8065,"Y","CHLORIDE",0.41,"mg/L"
442844075350101,2015-11-19,44.478972,-75.583417,"N","CHLORIDE",45.5,"mg/L"
442859073250301,2019-09-16,44.483056,-73.4175,"Y","CHLORIDE",0.88,"mg/L"
443014074541201,2020-07-22,44.50375,-74.90325,"N","CHLORIDE",4.74,"mg/L"
443021075042901,2015-11-17,44.505833,-75.074444,"N","CHLORIDE",5.94,"mg/L"
443022073520701,2019-09-18,44.506139,-73.868694,"Y","CHLORIDE",1.18,"mg/L"
443115075040801,2020-07-30,44.520972,-75.069111,"N","CHLORIDE",9.02,"mg/L"
443249073263001,2014-10-06,44.542944,-73.426417,"Y","CHLORIDE",1.8,"mg/L"
443306074555101,2015-11-17,44.551583,-74.930917,"N","CHLORIDE",5.82,"mg/L"
443306074555101,2020-07-22,44.551583,-74.930917,"N","CHLORIDE",6.99,"mg/L"
443329075412101,2020-09-08,44.558056,-75.689167,"N","CHLORIDE",6.01,"mg/L"
443526073502601,2014-06-30,44.591111,-73.839861,"Y","CHLORIDE",29.5,"mg/L"
443606074525801,2020-09-17,44.611222,-74.877139,"N","CHLORIDE",0.56,"mg/L"
443714075241001,2020-07-30,44.618325,-75.401378,"N","CHLORIDE",72,"mg/L"
443731073543601,2019-09-18,44.625194,-73.910056,"Y","CHLORIDE",4.24,"mg/L"
443758074273001,2015-11-18,44.63325,-74.458611,"Y","CHLORIDE",2.82,"mg/L"
443927075291301,2015-11-16,44.658028,-75.488139,"N","CHLORIDE",24,"mg/L"
443935074303201,2020-09-16,44.669806,-74.535528,"Y","CHLORIDE",0.58,"mg/L"
444008073441201,2019-09-17,44.668889,-73.736667,"Y","CHLORIDE",0.74,"mg/L"
444041075313101,2020-07-21,44.678222,-75.525389,"N","CHLORIDE",275,"mg/L"
444200075114801,2015-11-03,44.699583,-75.196278,"N","CHLORIDE",20.8,"mg/L"
444203073325801,2014-10-07,44.707889,-73.546306,"N","CHLORIDE",2.19,"mg/L"
444204073325901,2019-09-16,44.701111,-73.549722,"N","CHLORIDE",45.2,"mg/L"
444204074073301,2015-11-18,44.701,-74.126278,"Y","CHLORIDE",0.48,"mg/L"
444439074594601,2015-11-17,44.744028,-74.996444,"N","CHLORIDE",31.4,"mg/L"
444454075075401,2020-07-23,44.752667,-75.213833,"N","CHLORIDE",36.2,"mg/L"
444455074124102,2015-11-18,44.748611,-74.211389,"N","CHLORIDE",7.36,"mg/L"
444455074124102,2020-09-16,44.748611,-74.211389,"N","CHLORIDE",8.71,"mg/L"
444456074400301,2015-11-03,44.748778,-74.667444,"N","CHLORIDE",0.85,"mg/L"
444721074453501,2020-09-17,44.787611,-74.755611,"N","CHLORIDE",4.91,"mg/L"
444746074594501,2020-09-17,44.796167,-74.995778,"N","CHLORIDE",68.7,"mg/L"
445104073390001,2014-11-24,44.842083,-73.646472,"N","CHLORIDE",0.85,"mg/L"
445334073451301,2019-09-17,44.892667,-73.7535,"N","CHLORIDE",6.56,"mg/L"
445343073264401,2019-09-04,44.895139,-73.445528,"N","CHLORIDE",81.6,"mg/L"
445435074540402,2015-11-19,44.909639,-74.901056,"N","CHLORIDE",1160,"mg/L"
445916074095001,2015-11-16,44.988056,-74.163111,"N","CHLORIDE",1.05,"mg/L"
445933074291801,2015-11-16,44.991944,-74.490833,"N","CHLORIDE",44,"mg/L"
445933074291801,2015-11-16,44.992611,-74.488194,"N","CHLORIDE",44,"mg/L"
445933074291801,2020-07-23,44.991944,-74.490833,"N","CHLORIDE",85.5,"mg/L"
445933074291801,2020-07-23,44.992611,-74.488194,"N","CHLORIDE",85.5,"mg/L"
445939073275102,2014-10-08,44.986472,-73.455028,"N","CHLORIDE",184,"mg/L"
