Report_Name,Well_ID,Site_No,Well_ID_CK,Dec_Lat,Dec_Long,AP,CC,
Chemung-2018,YT 613,423619077141001,YT 613,42.605250,-77.236083,N,YA,
Central New York-2017,YA 301,424114077065201,YA 301,42.687461,-77.114124,N,YA,
Central New York-2017,OW 439,431815076233801,OW 439,43.260672,-76.355435,N,OW,
Central New York-2017,OW 503,431542075520801,OW 503,43.261837,-75.869072,N,OW,
Eastern Lake Ontario-2018,OW 513,433357076074401,OW 513,43.565806,-76.128917,N,OW,
Eastern Lake Ontario-2018,OW 622,432349075565301,OW 622,43.397028,-75.948167,N,OW,
Open-File Report 2015–1168,OW 809,433539076005201,OW 809,43.594222,-76.014361,N,OW,
Open-File Report 2011–1074,OW 918,432346076152601,OW 918,43.396389,-76.257944,N,OW,
Open-File Report 2011–1074,OW1052,432948076114501,OW1052,43.496750,-76.195694,N,OW,
Open-File Report 2011–1074,OW1599,433027075591701,OW1599,43.507639,-75.987500,N,OW,
Central New York-2017,OW1677,432920075550901,OW1677,43.488913,-75.919160,N,OW,
Open-File Report 2015–1168,OW2055,432536076134601,OW2055,43.426750,-76.229417,N,OW,
Eastern Lake Ontario-2018,OW2055,432536076134601,OW2055,43.426750,-76.229417,N,OW,
Open-File Report 2016–1153,W 534,432428073311501,W 534,43.408750,-73.544083,N,W,
Champlain-2019,W 534,432428073311501,W 534,43.408750,-73.544083,N,W,
Open-File Report 2014–1084,W1147,430301073212601,W1147,43.050361,-73.357250,N,W,
Open-File Report 2014–1084,W1162,431240073281701,W1162,43.212639,-73.471722,N,W,
Champlain-2019,W1616,434443073234501,W1616,43.745250,-73.395722,Y,W,
Champlain-2019,W2054,433320073153401,W2054,43.555556,-73.259306,N,W,
Upper Hudson-2017,W3002,431803073234601,W3002,43.300944,-73.395944,N,W,
Open-File Report 2016–1153,W3220,432407073152001,W3220,43.403944,-73.254000,N,W,
Champlain-2019,W3220,432407073152001,W3220,43.403944,-73.254000,N,W,
Upper Hudson-2017,W4071,431448073290901,W4071,43.212640,-73.470890,N,W,
Lower Hudson-2018,WE 201,411632073332101,WE 201,41.275583,-73.555917,N,WE,
Open-File Report 2015–1168,WE5014,411410073420301,WE5014,41.241722,-73.678306,N,WE,
Lower Hudson-2018,WE5014,411410073420301,WE5014,41.241722,-73.678306,N,WE,
Open-File Report 2015–1168,WE5230,411008073354401,WE5230,41.167306,-73.595444,N,WE,
Central New York-2017,WN 560,430647076552901,WN 560,43.112959,-76.922326,N,WN,
Central New York-2017,WN1109,431020077001601,WN1109,43.167085,-77.008409,N,WN,
WNY-2021,WO 152,424549078184101,WO 152,42.762333,-78.311444,N,WO,
Open-File Report 2007–1093,WO 349,425800078040001,WO 349,42.565361,-78.044167,N,WO,
Open-File Report 2012–1135,WO 350,426400078130001,WO 350,42.650889,-78.199417,N,WO,
Open-File Report 2007–1093,WO 350,426400078130001,WO 350,42.650889,-78.199417,N,WO,
WNY-2016,WO 351,423200078250001,WO 351,42.534750,-78.424306,N,WO,
Open-File Report 2008–1140,WO 351,423200078250001,WO 351,42.534750,-78.424306,N,WO,
Open-File Report 2008–1140,CU1304,422142079290701,CU1304,42.360917,-79.487833,N,CU,
Open-File Report 2008–1140,CU1951,421724079082701,CU1951,42.287472,-79.140306,N,CU,
Open-File Report 2008–1140,CU2054,420353079313901,CU2054,42.059917,-79.526722,N,CU,
Open-File Report 2008–1140,CU2158,421726079392601,CU2158,42.300167,-79.660361,N,CU,
Open-File Report 2008–1140,CU2195,423021079072201,CU2195,42.504417,-79.132389,N,CU,
WNY-2021,CU4098,420811079120701,CU4098,43.146556,-74.969778,?,CU,
WNY-2016,CU 595,420405079093201,CU 595,42.068140,-79.158810,N,CU,
Susquehanna-2019,BM  90,420540076030701,BM  90,42.094722,-76.051686,N,BM,
Open-File Report 2016–1153,BM  90,420540076030701,BM  90,42.094722,-76.051686,N,BM,
Open-File Report 2016–1153,BM 471,420417075382801,BM 471,42.071417,-75.640972,N,BM,
Susquehanna-2019,BM 750,420925075534001,BM 750,42.157014,-75.894519,N,BM,
Susquehanna-2019,BM2085,420508075502201,BM2085,42.083083,-75.840500,N,BM,
Open-File Report 2016–1153,BM2088,421348075505701,BM2088,42.230083,-75.849194,N,BM,
Susquehanna-2019,TI 892,421350076110301,TI 892,42.230528,-76.184278,N,TI,
Open-File Report 2016–1153,TI 892,421350076110301,TI 892,42.230528,-76.184278,N,TI,
Susquehanna-2019,TI 921,420123076221601,TI 921,42.023000,-76.371139,N,TI,
Open-File Report 2016–1153,TI 921,420123076221601,TI 921,42.023000,-76.371139,N,TI,
Open-File Report 2016–1153,TI1031,422237076092001,TI1031,42.376833,-76.155444,N,TI,
Open-File Report 2016–1153,TI1663,420702076105301,TI1663,42.117278,-76.181278,N,TI,
Susquehanna-2019,SY1363,421526076402701,SY1363,42.257111,-76.674056,N,SY,
Open-File Report 2015–1168,SY 922,421800077051901,SY 922,42.299944,-77.088639,N,SY,
Open-File Report 2015–1168,SY 707,422017077005801,SY 707,42.337111,-77.015833,N,SY,
Central New York-2017,SY 424,422120076502901,SY 424,42.355370,-76.842104,N,SY,
Central New York-2017,SY 402,422937076531401,SY 402,42.493410,-76.887624,N,SY,
Open-File Report 2019-1005,SV 132,414831074531101,SV 132,41.812806,-74.881972,N,SV,
Open-File Report 2019-1005,SV 39,415601074544901,SV 39,41.933056,-74.913333,N,SV,
Delaware-2020,SV 39,415601074544901,SV 39,41.933056,-74.913333,N,SV,
Delaware-2020,SV 429,414533074481901,SV 429,41.759439,-74.805386,N,SV,
Delaware-2020,SV 534,414504074355301,SV 534,41.731389,-74.602222,N,SV,
Open-File Report 2019-1005,SV 534,414504074355301,SV 534,41.731389,-74.602222,N,SV,
Delaware-2020,SV 551,413434074291201,SV 551,41.576667,-74.486944,N,SV,
Delaware-2020,SV 88,413603075024901,SV 88,41.600750,-75.046861,N,SV,
Open-File Report 2019-1005,SV1689,415220075034801,SV1689,41.872472,-75.063389,N,SV,
St Lawrence-2020,ST4376,440826074542701,ST4376,44.140556,-74.907444,Y,ST,
St Lawrence-2020,ST4258,442332075113901,ST4258,44.392306,-75.194417,N,ST,
St Lawrence-2020,ST4062,444721074453501,ST4062,44.787611,-74.755611,N,ST,
St Lawrence-2020,ST3744,444041075313101,ST3744,44.678222,-75.525389,N,ST,
St Lawrence-2020,ST3712,441248075050201,ST3712,44.213389,-75.084083,Y,ST,
Open-File Report 2019-1005,ST3703,444200075114801,ST3703,44.699583,-75.196278,N,ST,
Open-File Report 2019-1005,ST3674,443927075291301,ST3674,44.658028,-75.488139,N,ST,
Open-File Report 2019-1005,ST3627,441245075142601,ST3627,44.212389,-75.238694,N,ST,
St Lawrence-2020,ST3496,444746074594501,ST3496,44.796167,-74.995778,N,ST,
Open-File Report 2019-1005,ST3358,442844075350101,ST3358,44.478972,-75.583417,N,ST,
St Lawrence-2020,ST2820,443606074525801,ST2820,44.611222,-74.877139,N,ST,
Open-File Report 2019-1005,ST2460,444456074400301,ST2460,44.748778,-74.667444,N,ST,
Open-File Report 2007–1066,ST2349,444009075030601,ST2349,44.669167,-75.051778,N,ST,
Open-File Report 2019-1005,ST2227,444439074594601,ST2227,44.744028,-74.996444,N,ST,
Open-File Report 2007–1066,ST2136,441337074333603,ST2136,44.226944,-74.560000,Y,ST,
Open-File Report 2019-1005,ST2065,445435074540402,ST2065,44.909639,-74.901056,N,ST,
Open-File Report 2007–1066,ST1984,443850074532001,ST1984,44.647278,-74.888861,N,ST,
Open-File Report 2007–1066,ST1855,442651075451501,ST1855,44.447500,-75.754333,N,ST,
Open-File Report 2007–1066,ST1818,442639075262801,ST1818,44.444167,-75.440972,N,ST,
Open-File Report 2007–1066,ST1773,443346075103701,ST1773,44.562833,-75.177000,N,ST,
Open-File Report 2007–1066,ST1720,441339074505201,ST1720,44.227528,-74.847861,Y,ST,
St Lawrence-2020,ST1515,443014074541201,ST1515,44.503750,-74.903250,N,ST,
St Lawrence-2020,ST1514,443115075040801,ST1514,44.520972,-75.069111,N,ST,
St Lawrence-2020,ST1513,443714075241001,ST1513,44.618325,-75.401378,N,ST,
St Lawrence-2020,ST1493,443329075412101,ST1493,44.558056,-75.689167,N,ST,
St Lawrence-2020,ST1424,444454075075401,ST1424,44.752667,-75.213833,N,ST,
Open-File Report 2007–1066,ST1421,444802074590802,ST1421,44.800833,-74.985000,N,ST,
Open-File Report 2007–1066,ST1420,441928075150501,ST1420,44.322778,-75.243611,N,ST,
St Lawrence-2020,ST1417,441337074333602,ST1417,44.226944,-74.560000,Y,ST,
Open-File Report 2007–1066,ST1415,443705075242701,ST1415,44.621111,-75.410278,N,ST,
Open-File Report 2007–1066,ST 950,445159075115601,ST 950,44.866667,-75.197222,N,ST,
Open-File Report 2019-1005,ST 943,441301074364801,ST 943,44.218861,-74.616778,Y,ST,
St Lawrence-2020,ST 378 ,443306074555101,ST 378 ,44.551583,-74.930917,N,ST,
Open-File Report 2019-1005,ST 378,443306074555101,ST 378,44.551583,-74.930917,N,ST,
Open-File Report 2007–1066,ST 378,443306074555101,ST 378,44.551583,-74.930917,N,ST,
Open-File Report 2019-1005,ST 366,443021075042901,ST 366,44.505833,-75.074444,N,ST,
Open-File Report 2007–1066,ST 366,443021075042901,ST 366,44.505833,-75.074444,N,ST,
Lower Hudson-2018,SO2182,423141074153301,SO2182,42.528056,-74.259167,N,SO,
Mohawk-2016,SO2048,424204074272201,SO2048,42.701110,-74.456220,N,SO,
Mohawk-2016,SO1976,424242074364401,SO1976,42.711690,-74.612310,N,SO,
Mohawk-2021,SO1611,423617074342201,SO1611,42.604833,-74.572861,N,SO,
Mohawk-2021,SO1596,424040074132301,SO1596,42.778056,-74.223194,N,SO,
Open-File Report 2008–1086,SO1411,423507074171701,SO1411,42.585278,-74.288056,N,SO,
Open-File Report 2008–1086,SO1408,423355074273401,SO1408,42.565278,-74.459444,N,SO,
Open-File Report 2008–1086,SO1384,424630074342001,SO1384,42.775000,-74.572222,N,SO,
Open-File Report 2008–1086,SO1374,424705074201501,SO1374,42.784722,-74.337500,N,SO,
Mohawk-2016,SO 527,422238074252101,SO 527,42.382330,-74.419110,N,SO,
Mohawk-2016,SO 459,422515074312001,SO 459,42.420528,-74.523056,N,SO,
Open-File Report 2008–1086,SO9,424035074291101,SO   9,42.676389,-74.486389,N,SO,
Mohawk-2016,SN1257,425008074060201,SN1257,42.839306,-74.105530,N,SN,
Mohawk-2021,SN 758,425549074030501,SN 758,42.930194,-74.051472,N,SN,
Open-File Report 2008–1086,SN135,424909073591601,SN 135,42.819472,-73.987389,N,SN,
Central New York-2017,SE1380,423603076481801,SE1380,42.600669,-76.804927,N,SE,
Open-File Report 2015–1168,SB2802,420340077035001,SB2802,42.061194,-77.064139,N,SB,
Chemung-2018,SB2617,420044077171801,SB2617,42.012139,-77.288444,N,SB,
Chemung-2018,SB1580,423118077282001,SB1580,42.521778,-77.472167,N,SB,
Central New York-2017,SB1290,422902077070401,SB1290,42.483984,-77.117621,N,SB,
Open-File Report 2015–1168,SB1212,420814077373001,SB1212,42.138500,-77.624750,N,SB,
Open-File Report 2015–1168,SB1103,420630077145001,SB1103,42.106417,-77.248861,N,SB,
Genesee-2020,SB 672 ,423124077414901,SB 672 ,42.523222,-77.697000,N,SB,
Chemung-2018,SB 417,421341077121801,SB 417,42.228200,-77.205225,N,SB,
Open-File Report 2015–1168,SB 399,421130077233601,SB 399,42.190833,-77.392722,N,SB,
Open-File Report 2015–1168,SB 398,420247077323901,SB 398,42.047944,-77.543361,N,SB,
Chemung-2018,SB 392,422440077253301,SB 392,42.411111,-77.425833,N,SB,
Chemung-2018,SB 384,422130077400001,SB 384,42.359167,-77.666000,N,SB,
Upper Hudson-2017,SA4987,430728073443401,SA4987,43.124500,-73.742694,N,SA,
Open-File Report 2014–1084,SA4987,430728073443401,SA4987,43.124500,-73.742694,N,SA,
Open-File Report 2014–1084,SA3093,425651073395801,SA3093,42.947528,-73.666889,N,SA,
Open-File Report 2014–1084,SA2749,431620074000701,SA2749,43.287083,-74.006861,Y,SA,
Open-File Report 2014–1084,SA2669,430605073571001,SA2669,43.101583,-73.952917,N,SA,
Open-File Report 2008–1086,SA2198,425757073575201,SA2198,42.965833,-73.964500,N,SA,
Open-File Report 2008–1086,SA1501,424713073473601,SA1501,42.786861,-73.792861,N,SA,
Mohawk-2021,SA1501,424713073473601,SA1501,42.786861,-73.792861,N,SA,
Mohawk-2016,SA1501,424713073473601,SA1501,42.786861,-73.792861,N,SA,
Upper Hudson-2017,SA1190,425325073471901,SA1190,42.865560,-73.771390,N,SA,
Open-File Report 2014–1084,SA1190,425325073471901,SA1190,42.890472,-73.788222,N,SA,
Upper Hudson-2017,SA1091,430150073513201,SA1091,43.041444,-73.860083,N,SA,
Upper Hudson-2017,SA1090,431902073505301,SA1090,43.317611,-73.848278,Y,SA,
Mohawk-2016,SA1089,424834073491501,SA1089,42.808890,-73.787330,N,SA,
Open-File Report 2014–1084,SA1064,430052073505501,SA1064,43.054250,-73.849639,N,SA,
Lower Hudson-2018,RO 513,410744074074901,RO 513,41.130306,-74.131806,N,RO,
Upper Hudson-2017,RE4784,424631073391401,RE4784,42.772583,-73.649944,N,RE,
Open-File Report 2015–1168,RE2950,424409073334801,RE2950,42.736000,-73.563306,N,RE,
Open-File Report 2015–1168,RE2041,423355073211301,RE2041,42.565111,-73.353556,N,RE,
Open-File Report 2014–1084,RE1949,425330073171501,RE1949,42.891667,-73.287528,N,RE,
Lower Hudson-2018,RE1215,423054073410201,RE1215,42.515081,-73.683452,N,RE,
Upper Hudson-2017,RE1095,424508073210301,RE1095,42.752720,-73.350220,N,RE,
Open-File Report 2014–1084,RE 889,424135073222101,RE 889,42.693056,-73.372500,N,RE,
Lower Hudson-2018,P3198,412733073550801,P3198,41.461517,-73.918283,N,P,
Open-File Report 2015–1168,P2066,411940073564401,P2066,41.327194,-73.944028,N,P,
Open-File Report 2015–1168,P1218,412410073360105,P1218,41.401111,-73.597500,N,P,
WNY-2021,WO 351,423200078250001,WO 351,42.534750,-78.424306,N,WO,
Open-File Report 2019-1005,WO 352,424924078045901,WO 352,42.823472,-78.082722,N,WO,
Open-File Report 2012–1135,WO 352,424924078045901,WO 352,42.823472,-78.082722,N,WO,
Open-File Report 2008–1140,WO 432,423820078230201,WO 432,42.638750,-78.383833,N,WO,
Open-File Report 2007–1093,WO 445,425040078030901,WO 445,42.842056,-78.053556,N,WO,
Open-File Report 2007–1093,WO 821,423200078070701,WO 821,42.533583,-78.118222,N,WO,
Genesee-2020,WO 943,425004077575501,WO 943,42.834500,-77.965500,N,WO,
WNY-2021,WO1078,424049078221801,WO1078,42.680389,-78.371639,N,WO,
Open-File Report 2019-1005,WO1329,423606078044901,WO1329,42.602444,-78.080639,N,WO,
WNY-2016,WO1378,425004078232701,WO1378,42.834353,-78.390775,N,WO,
Open-File Report 2019-1005,WO1483,423559078140601,WO1483,42.599917,-78.234889,N,WO,
Open-File Report 2007–1093,OT1559,425040077283701,OT1559,42.844833,-77.477250,N,OT,
Central New York-2017,OT 270,424555076582101,OT 270,42.764910,-76.972181,N,OT,
Open-File Report 2012–1135,OT1134,424536077331601,OT1134,42.760667,-77.557472,N,OT,
Central New York-2017,OT1771,424619077122701,OT1771,42.772014,-77.206843,N,OT,
Central New York-2017,OT1821,423627077281701,OT1821,42.607502,-77.471205,N,OT,
Central New York-2017,OT1921,425716077254501,OT1921,42.954131,-77.434583,N,OT,
Open-File Report 2016–1153,CL 149,445939073275102,CL 149,44.986472,-73.455028,N,CL,
Champlain-2019,CL 153,444204073325901,CL 153,44.701111,-73.549722,N,CL,
Open-File Report 2016–1153,CL 169,443249073263001,CL 169,44.542944,-73.426417,Y,CL,
Open-File Report 2016–1153,CL 170,444203073325801,CL 170,44.707889,-73.546306,N,CL,
Open-File Report 2016–1153,CL 700,443526073502601,CL 700,44.591111,-73.839861,Y,CL,
Open-File Report 2016–1153,OG 316,423938075024001,OG 316,42.661528,-75.043722,N,OG,
Susquehanna-2019,OG 374,423718074401501,OG 374,42.621778,-74.670778,N,OG,
Open-File Report 2016–1153,OG 374,423718074401501,OG 374,42.621778,-74.670778,N,OG,
Open-File Report 2016–1153,OG 375,422753075191901,OG 375,42.464944,-75.321806,N,OG,
Susquehanna-2019,OG TBD,421919075193001,OG TBD,42.321944,-75.325000,N,OG,
Open-File Report 2016–1153,OG2287,423024074583101,OG2287,42.506861,-74.975528,N,OG,
Susquehanna-2019,OG2558,425029074504301,OG2558,42.841389,-74.845333,N,OG,
Central New York-2017,OE4082,431635075310401,OE4082,43.276539,-75.518002,N,OE,
Central New York-2017,OE3623,425854075285701,OE3623,42.981712,-75.482550,N,OE,
Mohawk-2016,OE3162,430840075202401,OE3162,43.144670,-75.340080,N,OE,
Mohawk-2016,OE2667,432325075250301,OE2667,43.390250,-75.417780,N,OE,
Open-File Report 2015–1168,OE2425,432836075232701,OE2425,43.476667,-75.390833,N,OE,
Open-File Report 2015–1168,OE1991,432652075121601,OE1991,43.447806,-75.203917,N,OE,
Open-File Report 2011–1074,OE 1991,432652075121601,OE1991,43.447806,-75.203917,N,OE,
Eastern Lake Ontario-2018,OE1991,432652075121601,OE1991,43.447806,-75.203917,N,OE,
Open-File Report 2008–1086,OE1841,430139075224501,OE1841,43.027500,-75.379167,N,OE,
Mohawk-2021,OE1468,425552075224901,OE1468,42.928611,-75.381556,N,OE,
Mohawk-2016,OE1468,425552075224901,OE1468,42.928611,-75.381556,N,OE,
Open-File Report 2008–1086,OE1462,425747075144501,OE1462,42.963056,-75.245583,N,OE,
Open-File Report 2008–1086,OE1460,430655075240001,OE1460,43.115667,-75.400306,N,OE,
Mohawk-2021,OE1460,430655075240001,OE1460,43.115667,-75.400306,N,OE,
Open-File Report 2008–1086,OE1458,432004075105101,OE1458,43.334528,-75.180583,N,OE,
Mohawk-2021,OE1112,425918075143801,OE1112,42.988456,-75.244039,N,OE,
Mohawk-2021,OE1112,425918075143801,OE1112,42.988456,-75.244039,N,OE,
Mohawk-2021,OE1104,432010075104701,OE1104,43.338667,-75.334222,N,OE,
Mohawk-2016,OE1038,430320075231601,OE1038,43.055390,-75.387920,N,OE,
Susquehanna-2019,OD1708D,425129075572401,OD1708D,42.858000,-75.956806,N,OD,
Susquehanna-2019,OD1276,424748076065501,OD1276,42.796667,-76.115278,N,OD,
Central New York-2017,OD 181,425135076202901,OD 181,42.859901,-76.340882,N,OD,
Central New York-2017,OD 180,425248075543801,OD 180,42.879777,-75.913548,N,OD,
Delaware-2020,O9967,412414074424301,O9967,41.404139,-74.712167,N,O,
Lower Hudson-2018,O8876,411824074122501,O8876,41.306667,-74.206944,N,O,
Open-File Report 2015–1168,O7842,411102074184901,O7842,41.183722,-74.313583,N,O,
Lower Hudson-2018,O2290,411736074275102,O2290,41.293333,-74.462778,N,O,
Open-File Report 2015–1168,O1864,412039074072001,O1864,41.343417,-74.123361,N,O,
Open-File Report 2015–1168,O1390,413340074111801,O1390,41.560806,-74.164278,N,O,
Open-File Report 2015–1168,O1348,412824074321901,O1348,41.470972,-74.542833,N,O,
Open-File Report 2019-1005,O10369,412234074374001,O10369,41.376778,-74.627639,N,O,
Lower Hudson-2018,O 403,412418074244202,O 403,41.405000,-74.411667,N,O,
Open-File Report 2008–1140,NI1093,431500079010001,NI1093,43.255917,-79.022472,N,NI,
Open-File Report 2016–1153,BM2178,420040075530601,BM2178,42.011028,-75.885000,N,BM,
Susquehanna-2019,BM3245,421221075462001,BM3245,42.205806,-75.772167,N,BM,
Chemung-2018,CM1661,420327076451101,CM1661,42.057556,-76.753028,N,CM,
Open-File Report 2016–1153,M 141,424601075440801,M 141,42.766889,-75.735333,N,M,
Susquehanna-2019,M1316,425106075422101,M1316,42.851889,-75.705889,N,M,
Susquehanna-2019,M1581,424702075253201,M1581,42.783833,-75.425500,N,M,
Open-File Report 2016–1153,M1847,425325075342201,M1847,42.890306,-75.572528,N,M,
Susquehanna-2019,M1928,424656075385001,M1928,42.782278,-75.647306,N,M,
Open-File Report 2008–1086,M 281,425553075283601,M 281,42.931639,-75.476389,N,M,
Mohawk-2021,M309,425553075283501,M309,42.931622,-75.476539,N,M,
Open-File Report 2012–1135,MO1402,430221077524001,MO 1402,43.039333,-77.878083,N,MO,
Open-File Report 2008–1140,MO1406,431428077450501,MO 1406,43.241972,-77.750167,N,MO,
WNY-2021,MO1442,431553077564301,MO1442,43.264806,-77.945222,N,MO,
Open-File Report 2012–1135,MO 1524,430049077362701,MO 1524,43.012389,-77.607778,N,MO,
Open-File Report 2007–1093,MO 1524,430049077362701,MO 1524,43.012389,-77.607778,N,MO,
Open-File Report 2008–1140,MO 1594,431613077575901,MO 1594,43.270306,-77.967056,N,MO,
Open-File Report 2007–1093,MO 1605,430127077463701,MO 1605,43.033611,-77.771944,N,MO,
WNY-2021,MO1642,431155077491401,MO 1642,43.198639,-77.820806,N,MO,
Genesee-2020,MO1667,425825077422201,MO 1667,42.973833,-77.706333,N,MO,
Genesee-2020,MO1680,430150077405001,MO 1680,43.030833,-77.680833,N,MO,
Open-File Report 2007–1066,CL 723,444624073572601,CL 723,44.773333,-73.957222,Y,CL,
Open-File Report 2016–1153,CL 848,445104073390001,CL 848,44.842083,-73.646472,N,CL,
Champlain-2019,CL 946,443731073543601,CL 946,44.625194,-73.910056,Y,CL,
Champlain-2019,CL TBD,445343073264401,CL TBD,44.895139,-73.445528,N,CL,
Open-File Report 2007–1066,CL1182,445720073554001,CL1182,44.955639,-73.927667,N,CL,
Champlain-2019,CL1359,444008073441201,CL1359,44.668889,-73.736667,Y,CL,
Champlain-2019,CL1459,445334073451301,CL1459,44.892667,-73.753500,N,CL,
Open-File Report 2007–1066,L 176,440907075191701,L 176,44.144444,-75.315833,N,L,
Open-File Report 2011–1074,L 177,435400075180001,L 177,43.910944,-75.304167,N,L,
Open-File Report 2011–1074,L 178,433700075220001,L 178,43.605111,-75.327167,N,L,
Open-File Report 2011–1074,L 179,432959075430801,L 179,43.499694,-75.719722,N,L,
Open-File Report 2015–1168,L 181,435303075305901,L 181,43.884000,-75.516611,N,L,
Open-File Report 2011–1074,L 386,434400075282001,L 386,43.734444,-75.480333,N,L,
Open-File Report 2015–1168,L 388,433114075194101,L 388,43.520472,-75.328111,N,L,
St Lawrence-2020,L 472,440846075193301,L 472,44.094810,-75.365000,N,L,
Open-File Report 2008–1086,L 475,432734075273401,L 475,43.459306,-75.459472,N,L,
Open-File Report 2011–1074,L 491,434713075452801,L 491,43.786944,-75.757806,N,L,
Central New York-2017,L 493,432820075441501,L 493,43.473598,-75.739299,N,L,
Open-File Report 2015–1168,L 589,435313075402301,L 589,43.917583,-75.665750,N,L,
Open-File Report 2019-1005,L 647,440824075232501,L 647,44.139861,-75.389861,N,L,
Open-File Report 2015–1168,L 736,433616075184601,L 736,43.604556,-75.312778,N,L,
Open-File Report 2015–1168,L 747,434048075211301,L 747,43.680083,-75.353556,N,L,
Open-File Report 2015–1168,L 906,433050075423501,L 906,43.507472,-75.697500,N,L,
Eastern Lake Ontario-2018,L 958,433350075442301,L 958,43.564000,-75.739722,N,L,
Eastern Lake Ontario-2018,L1097,433706075182601,L1097,43.618333,-75.307222,N,L,
Eastern Lake Ontario-2018,L1098,434803075402901,L1098,43.800944,-75.674806,N,L,
Eastern Lake Ontario-2018,L1113,435015075241701,L1113,43.837611,-75.404694,N,L,
Eastern Lake Ontario-2018,L1145,434835075490401,L1145,43.809722,-75.817778,N,L,
Open-File Report 2007–1093,LV 329,425600077696001,LV 329,42.545139,-77.626694,N,LV,
Open-File Report 2007–1093,LV 331,424100077493001,LV 331,42.690833,-77.825000,N,LV,
Open-File Report 2012–1135,LV 541,425505077531001,LV 541,42.918417,-77.884722,N,LV,
Open-File Report 2012–1135,LV 542,423219077571701,LV 542,42.538361,-77.954972,N,LV,
Open-File Report 2012–1135,LV 618,423712077423401,LV 618,42.619917,-77.709528,N,LV,
Open-File Report 2007–1093,LV 620,423846077391501,LV 620,42.639417,-77.653889,N,LV,
Open-File Report 2007–1093,LV 637,425044077395101,LV 637,42.845861,-77.663917,N,LV,
Open-File Report 2015–1168,LV 740,423913077311101,LV 740,42.654083,-77.520194,N,LV,
Open-File Report 2007–1093,LV 838,424300077384601,LV 838,42.717472,-77.646667,N,LV,
Open-File Report 2007–1093,LV 847,425341077411201,LV 847,42.894333,-77.686917,N,LV,
Open-File Report 2007–1093,LV 865,425040077484701,LV 865,42.843722,-77.800639,N,LV,
Open-File Report 2007–1066,J 175,440517075482701,J 175,44.078889,-75.815278,N,J,
St Lawrence-2020,J 175,440517075482701,J 175,44.078890,-75.815280,N,J,
Open-File Report 2007–1066,J 177,441255075475101,J 177,44.217500,-75.789167,N,J,
Open-File Report 2011–1074,J 179,440202076023201,J 179,44.030000,-76.046417,N,J,
Open-File Report 2015–1168,J 180,434840076014001,J 180,43.825750,-76.026139,N,J,
Open-File Report 2011–1074,J 180,434840076014001,J 180,43.825750,-76.026139,N,J,
Open-File Report 2011–1074,J 181,435800075400001,J 181,43.969972,-75.672000,N,J,
Open-File Report 2015–1168,J 229,441256075575501,J 229,44.217472,-75.963028,N,J,
Eastern Lake Ontario-2018,J 265,440207075402801,J 265,44.035222,-75.674417,N,J,
Eastern Lake Ontario-2018,J 266,434341076082601,J 266,43.728056,-76.140472,N,J,
Eastern Lake Ontario-2018,J 267,440046075462301,J 267,44.012667,-75.773111,N,J,
Open-File Report 2007–1066,J 621,441014075400401,J 621,44.170611,-75.667639,N,J,
Open-File Report 2011–1074,J1027,441422075501801,J1027,44.236972,-75.836528,N,J,
Open-File Report 2011–1074,J1059,435310075483801,J1059,43.886222,-75.810472,N,J,
Open-File Report 2015–1168,J1118,434239076032202,J1118,43.710197,-76.056803,N,J,
Open-File Report 2011–1074,J1118,434239076032202,J1118,43.710197,-76.056803,N,J,
Open-File Report 2019-1005,J1451,441758075550101,J1451,44.299500,-75.917056,N,J,
Open-File Report 2019-1005,J1628,441307076082501,J1628,44.218667,-76.141556,N,J,
Open-File Report 2019-1005,J1736,440229075501101,J1736,44.041389,-75.836361,N,J,
Eastern Lake Ontario-2018,J1835,435919076134501,J1835,43.972861,-76.276806,N,J,
Open-File Report 2019-1005,J2146,441636075375701,J2146,44.276611,-75.632500,N,J,
Mohawk-2021,HE2197,430108075022801,HE2197,43.018972,-75.041000,N,HE,
Mohawk-2016,HE2124,430247075115501,HE2124,43.046280,-75.198810,N,HE,
Mohawk-2021,HE1947,431847075002101,HE1947,43.313028,-75.005944,Y,HE,
Open-File Report 2015–1168,HE1840,434904074521901,HE1840,43.817861,-74.871722,Y,HE,
Eastern Lake Ontario-2018,HE1774,435417074545301,HE1774,43.904639,-74.914778,Y,HE,
Open-File Report 2008–1086,HE1433,431951074583901,HE1433,43.330806,-74.977444,Y,HE,
Open-File Report 2011–1074,HE1367,434235074562201,HE1367,43.709500,-74.939194,Y,HE,
Open-File Report 2011–1074,HE1341,434904074552101,HE1341,43.817361,-74.920444,Y,HE,
Susquehanna-2019,HE1302,425545074574901,HE1302,42.929250,-74.963583,N,HE,
Susquehanna-2019,HE1225,425304075111801,HE1225,42.883944,-75.186417,N,HE,
Open-File Report 2008–1086,HE1145,430148074495101,HE1145,43.029944,-74.830778,N,HE,
Open-File Report 2008–1086,HE1144,431420075064001,HE1144,43.238889,-75.111111,N,HE,
Mohawk-2021,HE 685,430848074581101,HE 685,43.146560,-74.969780,N,HE,
Open-File Report 2011–1074,HE 628,433031074541401,HE 628,43.508861,-74.903500,Y,HE,
Open-File Report 2008–1086,HE 625,430848074581301,HE 625,43.146667,-74.969750,N,HE,
Mohawk-2016,HE 624,431353075041801,HE 624,43.231389,-75.071389,N,HE,
Open-File Report 2008–1086,HE 622,430047075003001,HE 622,43.013000,-75.008028,N,HE,
Mohawk-2021,HE 622,430047075003001,HE 622,43.013000,-75.008028,N,HE,
Mohawk-2016,HE 622,430047075003001,HE 622,43.013250,-75.008056,N,HE,
Open-File Report 2015–1168,HE 397,434414074580201,HE 397,43.736222,-74.968389,Y,HE,
Eastern Lake Ontario-2018,HE 397,434414074580201,HE 397,43.736222,-74.968389,Y,HE,
St Lawrence-2020,H310,435217074380001,H310,43.871639,-74.632778,Y,H,
Open-File Report 2019-1005,H 801,435928074263901,H 801,43.991111,-74.427667,Y,H,
St Lawrence-2020,H 72,440012074243601,H 72,44.003440,-74.410110,Y,H,
Open-File Report 2014–1084,H 707,434656074125801,H 707,43.782417,-74.216000,Y,H,
Upper Hudson-2017,H 698,434445074172301,H 698,43.745722,-74.289861,Y,H,
Upper Hudson-2017,H 383,433047074220501,H 383,43.513278,-74.368583,Y,H,
Upper Hudson-2017,H 352,432440074151501,H 352,43.413806,-74.254139,Y,H,
Open-File Report 2007–1066,H 336,434928074390401,H 336,43.824444,-74.651111,Y,H,
Open-File Report 2008–1086,H 267,432327074440801,H 267,43.390778,-74.735556,Y,H,
Mohawk-2016,H 244,432404074440001,H 244,43.398583,-74.742280,Y,H,
Open-File Report 2014–1084,H 201,432816074244501,H 201,43.478944,-74.390889,Y,H,
WNY-2016,GS752,430131078240301,GS752,43.025353,-78.400719,N,GS,
WNY-2016,GS1162,425508078153701,GS1162,42.918908,-78.260358,N,GS,
Open-File Report 2012–1135,GS 757,430330078023901,GS 757,43.058389,-78.043944,N,GS,
Open-File Report 2008–1140,GS 624,425505078121101,GS 624,42.917500,-78.201639,N,GS,
Open-File Report 2007–1093,GS 617,425750078005001,GS 617,42.964056,-78.013111,N,GS,
Open-File Report 2007–1093,GS 312,430106078050501,GS 312,43.021583,-78.085250,N,GS,
Open-File Report 2019-1005,GS 289,425437078001601,GS 289,42.910361,-78.004528,N,GS,
WNY-2021,GS 216,425900078120001,GS 216,42.984472,-78.161167,N,GS,
WNY-2016,GS 216,425900078120001,GS 216,42.984472,-78.161167,N,GS,
Open-File Report 2008–1140,GS 216,425900078120001,GS 216,42.984472,-78.161167,N,GS,
WNY-2016,GS 189,430047078160201,GS 189,43.013039,-78.267106,N,GS,
Mohawk-2021,G3232,420804074060001,G3232,42.134361,-74.100028,N,G,
Lower Hudson-2018,G2189,421820074013201,G2189,42.305694,-74.025639,N,G,
Open-File Report 2015–1168,G1813,422118074103801,G1813,42.355028,-74.176972,N,G,
Open-File Report 2008–1086,G1351,421730074244201,G1351,42.288333,-74.407000,N,G,
Open-File Report 2008–1086,G1170,421256074124901,G1170,42.215500,-74.213500,N,G,
Mohawk-2016,G 128,421854074255901,G 128,42.317280,-74.428110,N,G,
WNY-2021,CU 641,421512079161601,CU 641,42.265778,-79.257556,N,CU,
WNY-2016,CU 809,420719079183101,CU 809,42.122100,-79.308600,N,CU,
Open-File Report 2008–1140,CU1092,421151079250401,CU1092,42.200306,-79.424167,N,CU,
WNY-2016,CU1490,420143079375601,CU1490,42.028600,-79.632200,N,CU,
WNY-2021,CU1696,421601079360901,CU1696,42.267022,-79.602467,N,CU,
Open-File Report 2008–1140,CU1766,421732079193601,CU1766,42.290028,-79.327806,N,CU,
WNY-2016,CU2131,420926079355501,CU2131,42.157600,-79.598300,N,CU,
WNY-2016,CU2507,421902079213101,CU2507,42.317297,-79.358552,N,CU,
WNY-2021,CU3154,421801079055401,CU3154,42.295833,-79.099306,N,CU,
WNY-2016,CU3272,422831079100101,CU3272,42.475297,-79.167052,N,CU,
WNY-2021,CU3299,422833079095101,CU3299,42.468333,-79.175667,N,CU,
Open-File Report 2019-1005,F  25,445933074291801,F  25,44.992611,-74.488194,N,F,
St Lawrence-2020,F  25?,445933074291801,F  25,44.991944,-74.490833,N,F,
Open-File Report 2007–1066,F 318,445912074102901,F 318,44.980278,-74.210556,N,F,
Open-File Report 2007–1066,F 529,445221074154101,F 529,44.872592,-74.261503,N,F,
Open-File Report 2019-1005,F 543,443758074273001,F 543,44.633250,-74.458611,Y,F,
Open-File Report 2007–1066,F 543,443758074273001,F 543,44.633250,-74.458611,Y,F,
St Lawrence-2020,F 573?,444455074124102,F 57,44.748611,-74.211389,N,F,
Open-File Report 2019-1005,F 573,444455074124102,F 573,44.748611,-74.211389,N,F,
Open-File Report 2007–1066,F 573,444455074124102,F 573,44.748611,-74.211389,N,F,
Open-File Report 2007–1066,F 856,445221074333601,F 856,44.872528,-74.560139,N,F,
St Lawrence-2020,F1037,443935074303201,F1037,44.669806,-74.535528,Y,F,
Open-File Report 2019-1005,F1468,444204074073301,F1468,44.701000,-74.126278,Y,F,
Open-File Report 2019-1005,F1544,445916074095001,F1544,44.988056,-74.163111,N,F,
St Lawrence-2020,F1799,441256074190401,F1799,44.215720,-74.317830,Y,F,
St Lawrence-2020,F1842,440819074331301,F1842,44.138750,-74.553694,Y,F,
St Lawrence-2020,F1941,441703074294501,F1941,44.284220,-74.495940,Y,F,
Champlain-2019,EX2044,441525073464301,EX2044,44.256833,-73.778722,Y,EX,
Upper Hudson-2017,EX1994,435748074073701,EX1994,43.963444,-74.127028,Y,EX,
Open-File Report 2016–1153,EX1894,434819073262101,EX1894,43.805139,-73.439389,Y,EX,
Open-File Report 2016–1153,EX1834,441743073361901,EX1834,44.297139,-73.606444,Y,EX,
Open-File Report 2016–1153,EX1742,442513073481601,EX1742,44.421000,-73.806500,Y,EX,
Champlain-2019,EX1213,442334073244001,EX1213,44.392778,-73.411111,Y,EX,
Open-File Report 2016–1153,EX1028,441521074030701,EX1028,44.255611,-74.051472,Y,EX,
Open-File Report 2016–1153,EX1023,440350073270501,EX1023,44.063361,-73.451444,Y,EX,
Champlain-2019,EX TBD,435309073264201,EX TBD,43.885972,-73.445000,Y,EX,
Champlain-2019,EX 631,435217073261701,EX 631,43.871444,-73.438167,Y,EX,
Open-File Report 2016–1153,EX 589,442101073425601,EX 589,44.350556,-73.715583,Y,EX,
Champlain-2019,EX 589,442101073425601,EX 589,44.350556,-73.715583,Y,EX,
Open-File Report 2014–1084,EX 586,435943073401401,EX 586,43.995278,-73.670278,Y,EX,
Champlain-2019,EX 535,442859073250301,EX 535,44.483056,-73.417500,Y,EX,
Champlain-2019,EX 506,441656073325202,EX 506,44.282417,-73.547972,Y,EX,
Champlain-2019,EX 372,443022073520701,EX 372,44.506139,-73.868694,Y,EX,
Upper Hudson-2017,EX 248,434729073582601,EX 248,43.789472,-74.019194,Y,EX,
Champlain-2019,EX 224,442045074064801,EX 224,44.346075,-74.113397,Y,EX,
Upper Hudson-2017,EX 159,435000073461202,EX 159,43.833333,-73.770000,Y,EX,
Open-File Report 2014–1084,EX 159,435000073461202,EX 159,43.833333,-73.770000,Y,EX,
WNY-2021,E4199,424042078501601,E4199,42.678250,-78.837750,N,E,
WNY-2016,E3392,423629078590801,E3392,42.608158,-78.985663,N,E,
WNY-2016,E3095,424102079014101,E3095,42.683936,-79.027941,N,E,
WNY-2021,E3085,430300078571201,E3085,43.050139,-78.953222,N,E,
WNY-2016,E2925,424450078282601,E2925,42.747242,-78.473858,N,E,
WNY-2016,E2925,424450078282601,E2925,42.747242,-78.473858,N,E,
WNY-2021,E2910,423650079010601,E2910,42.613889,-79.018250,N,E,
WNY-2021,E1904,425424078294802,E1904,42.904194,-78.498139,N,E,
WNY-2016,E1904,425424078294802,E1904,42.904200,-78.498300,N,E,
Open-File Report 2008–1140,E1904,425424078294802,E1904,42.904194,-78.498139,N,E,
WNY-2021,E1903,423001078400001,E1903,42.515250,-78.669833,N,E,
WNY-2016,E1903,423001078400001,E1903,42.515200,-78.670800,N,E,
Open-File Report 2008–1140,E1903,423001078400001,E1903,42.515222,-78.670306,N,E,
Open-File Report 2008–1140,E 1755,423755078512701,E1755,42.631056,-78.857361,N,E,
WNY-2021,E1480,424235078323101,E1480,42.709722,-78.541667,N,E,
WNY-2021,E1262,424102078400701,E1262,42.683778,-78.668583,N,E,
Open-File Report 2008–1140,E1084,423001078565401,E1084,42.500617,-78.949007,N,E,
WNY-2016,E 593,423415078563901,E 593,42.573400,-78.944200,N,E,
WNY-2016,E 238,423825078320601,E 238,42.640207,-78.535123,N,E,
WNY-2016,CU3402,421036079214601,CU3402,42.176686,-79.362886,N,CU,
WNY-2016,CU3542,421125079143801,CU3542,42.190194,-79.244583,N,CU,
Lower Hudson-2018,DU 167,415725073310802,DU 167,41.957037,-73.518457,N,DU,
Lower Hudson-2018,DU 408,413657073542301,DU 408,41.615750,-73.906500,N,DU,
Open-File Report 2015–1168,DU1096,414411073345302,DU1096,41.736389,-73.580833,N,DU,
Open-File Report 2019-1005,D 199,420924074315601,D 199,42.150889,-74.520833,N,D,
Open-File Report 2019-1005,D 276,420357075245901,D 276,42.065889,-75.416444,N,D,
Delaware-2020,D 333,421043075073001,D 333,42.178680,-75.125210,N,D,
Delaware-2020,D1553,421604074364001,D1553,42.267333,-74.611167,N,D,
Open-File Report 2019-1005,D1584,422309074525301,D1584,42.386028,-74.881333,N,D,
Open-File Report 2019-1005,D1997,420940074492001,D1997,42.160750,-74.820972,N,D,
Open-File Report 2019-1005,D2321,420302075214301,D2321,42.050306,-75.362278,N,D,
Susquehanna-2019,D2328,422047075100201,D2328,42.346544,-75.167397,N,D,
Susquehanna-2019,D2376,422827074509901,D2376,42.472364,-74.850006,N,D,
Open-File Report 2016–1153,D2530,422809074473901,D2530,42.469111,-74.794028,N,D,
Delaware-2020,D2869,420125074474901,D2869,42.022028,-74.800667,N,D,
Central New York-2017,CY 680,425944076385301,CY 680,42.995305,-76.647874,N,CY,
Central New York-2017,CY 311,425333076280501,CY 311,42.892411,-76.468000,N,CY,
Central New York-2017,CY 265,431906076404201,CY 265,43.318442,-76.678308,N,CY,
Central New York-2017,CY  10,424025076321001,CY  10,42.673860,-76.535769,N,CY,
Open-File Report 2015–1168,DU4128,413551073473601,DU4128,41.597667,-73.793278,N,DU,
Lower Hudson-2018,DU9274,415357073411401,DU9274,41.899167,-73.687222,N,DU,
Open-File Report 2014–1084,FU 199,431333074102001,FU 199,43.205583,-74.196333,Y,FU,
Open-File Report 2014–1084,FU 273,430616074155501,FU 273,43.104444,-74.265278,Y,FU,
Upper Hudson-2017,FU 278,431350074110301,FU 278,43.230806,-74.183472,Y,FU,
Open-File Report 2014–1084,FU 408,430842074081101,FU 408,43.144861,-74.103056,Y,FU,
Open-File Report 2008–1086,FU 426,430814074302401,FU 426,43.137278,-74.506722,Y,FU,
Mohawk-2016,FU 606,430201074283801,FU 606,43.033530,-74.477190,N,FU,
Upper Hudson-2017,FU 660,430355074072001,FU 660,43.065361,-74.121778,N,FU,
Upper Hudson-2017,FU1204,430444074214301,FU1204,43.081306,-74.359861,N,FU,
Open-File Report 2008–1086,FU1265,425942074125601,FU1265,42.994889,-74.215500,N,FU,
Mohawk-2016,FU1629,431142074394401,FU1629,43.195140,-74.662080,Y,FU,
Mohawk-2021,FU1663,431033074303601,FU1663,43.175778,-74.509861,Y,FU,
Open-File Report 2015–1168,U1622,415846074002401,U1622,41.979444,-74.006667,N,U,
Lower Hudson-2018,U1622,415846074002401,U1622,41.979444,-74.006667,N,U,
WNY-2021,CT 140,421013078230601,CT 140,42.170344,-78.384741,N,CT,
WNY-2016,CT 472,421659078402301,CT 472,42.283100,-78.673000,N,CT,
WNY-2016,CT 473,422722078562001,CT 473,42.456054,-78.938877,N,CT,
WNY-2021,CT 568 ,422527078292101,CT 568 ,42.419528,-78.494667,N,CT,
Open-File Report 2008–1140,CT 806,421621078193401,CT 806,42.305278,-78.335361,N,CT,
Open-File Report 2008–1140,CT 819,420055078186001,CT 819,42.017194,-78.317361,N,CT,
Open-File Report 2008–1140,CT 833,421506078480401,CT 833,42.252611,-78.800972,N,CT,
Open-File Report 2008–1140,CT 922,421958078415001,CT 922,42.338556,-78.697306,N,CT,
Open-File Report 2008–1140,CT 994,421515078412401,CT 994,42.230306,-78.676306,N,CT,
WNY-2016,CT1067,422426078280701,CT1067,42.407214,-78.468636,N,CT,
Open-File Report 2008–1140,CT1071,420447078563701,CT1071,42.080583,-78.942778,N,CT,
WNY-2021,CT1146,422826079001001,CT1146,42.473944,-79.002972,N,CT,
WNY-2016,CT1176,422040078232201,CT1176,42.344297,-78.389330,N,CT,
WNY-2021,CT1512,421342078430401,CT1512,42.228306,-78.717722,N,CT,
Open-File Report 2016–1153,CN 208,423731075193901,CN 208,42.621528,-75.326278,N,CN,
Open-File Report 2016–1153,CN 931,422618075360001,CN 931,42.438407,-75.599630,N,CN,
Susquehanna-2019,CN 951,423714075193701,CN 951,42.620556,-75.326944,N,CN,
Susquehanna-2019,CN2180,424102075225601,CN2180,42.683833,-75.382167,N,CN,
Susquehanna-2019,CN2290,422055075445801,CN2290,42.348472,-75.749444,N,CN,
WNY-2016,MO1826,431416077531001,MO1826,43.237825,-77.885997,N,MO,
Open-File Report 2007–1093,LV 905,424352077555201,LV 905,42.724028,-77.936167,N,LV,
Open-File Report 2012–1135,LV1110,424629077552101,LV1110,42.774778,-77.922444,N,LV,
Genesee-2020,LV1269,425846077494501,LV1269,42.979667,-77.829333,N,LV,
Open-File Report 2019-1005,LV1313,424550077414701,LV1313,42.763750,-77.696639,N,LV,
Open-File Report 2019-1005,LV1351,423823077520501,LV1351,42.639611,-77.868000,N,LV,
Open-File Report 2019-1005,LV1423,423500077472501,LV1423,42.583472,-77.790278,N,LV,
Genesee-2020,LV1580,423303077485101,LV1580,42.551097,-77.766239,N,LV,
WNY-2016,OL  19,431230078023001,OL  19,43.216639,-78.037667,N,OL,
WNY-2021,OL  19,431230078023001,OL  19,43.216639,-78.037667,N,OL,
Open-File Report 2008–1140,OL  19,431230078023001,OL  19,43.216639,-78.037667,N,OL,
Open-File Report 2008–1140,OL 264,430841078190501,OL 264,43.143750,-78.314944,N,OL,
Open-File Report 2008–1140,OL 291,431902078185301,OL 291,43.328944,-78.309500,N,OL,
Lower Hudson-2018,CB2732,422249073392501,CB2732,42.380278,-73.656944,N,CB,
Lower Hudson-2018,CB2286,422228073302701,CB2286,42.374444,-73.507500,N,CB,
Open-File Report 2015–1168,CB1674,421338073380901,CB1674,42.227333,-73.634833,N,CB,
Lower Hudson-2018,CB1674,421338073380901,CB1674,42.227333,-73.634833,N,CB,
Open-File Report 2015–1168,CB1526,422660073385401,CB1526,42.449917,-73.648833,N,CB,
Lower Hudson-2018,CB 36,421322073475105,CB 36,42.222808,-73.797508,N,CB,
Susquehanna-2019,C2009,423236075540301,C2009,42.543417,-75.900806,N,C,
Open-File Report 2016–1153,C2009,423236075540301,C2009,42.543417,-75.900806,N,C,
Open-File Report 2016–1153,C1818,423710076015301,C1818,42.619472,-76.031528,N,C,
Susquehanna-2019,C1697,423808076015401,C1697,42.635444,-76.031639,N,C,
WNY-2021,MO1828,431547077525001,MO1828,43.263167,-77.880500,N,MO,
Genesee-2020,MO1851,430805077541601,MO 1851,43.134778,-77.904639,N,MO,
Open-File Report 2019-1005,MO1855,430933077480001,MO 1855,43.159111,-77.800083,N,MO,
Open-File Report 2008–1086,MT 406,425550074330701,MT 406,42.930444,-74.551639,N,MT,
Mohawk-2021,MT 406,425550074330701,MT 406,42.930400,-74.551600,N,MT,
Mohawk-2016,MT 406,425550074330701,MT 406,42.930611,-74.551667,N,MT,
Mohawk-2021,MT 477,425646074220802,MT 477,42.946185,-74.368468,N,MT,
Mohawk-2016,MT 860,425210074403901,MT 860,42.869580,-74.677330,N,MT,
WNY-2021,AG 142,421246078161601,AG 142,42.212845,-78.270848,N,AG,
Open-File Report 2012–1135,AG 263,421210077921001,AG 263,42.080194,-77.919139,N,AG,
Open-File Report 2007–1093,AG 263,421210077921001,AG 263,42.080194,-77.919139,N,AG,
Open-File Report 2007–1093,AG 264,422500078100001,AG 264,42.423917,-78.154472,N,AG,
WNY-2016,AG 265,421300078160001,AG 265,42.215600,-78.272800,N,AG,
Open-File Report 2008–1140,AG 265,421300078160001,AG 265,42.215600,-78.272800,N,AG,
WNY-2021,AG 265,421300078160001,AG 265,42.215667,-78.272778,N,AG,
Open-File Report 2019-1005,AG 266,420219077462301,AG 266,42.037000,-77.776944,N,AG,
Open-File Report 2012–1135,AG 266,420219077462301,AG 266,42.037000,-77.776944,N,AG,
Genesee-2020,AG 266 ,420219077462301,AG 266 ,42.037000,-77.776940,N,AG,
Genesee-2020,AG 267 ,421208078075601,AG 267 ,42.202080,-78.132190,N,AG,
Open-File Report 2019-1005,AG 274,421139078082901,AG 274,42.194306,-78.141528,N,AG,
Open-File Report 2019-1005,AG 275,420927077471501,AG 275,42.157861,-77.787389,N,AG,
Genesee-2020,AG 275,420927077471501,AG 275,42.157861,-77.787389,N,AG,
Genesee-2020,AG 311,422752078064801,AG 311,42.464560,-78.113560,N,AG,
Genesee-2020,AG 312 ,420448077550901,AG 312 ,42.080190,-77.919170,N,AG,
Mohawk-2021,A2386,423902074062501,A2386,42.650831,-74.107219,N,A,
Mohawk-2021,A2378,423324074061601,A2378,42.556889,-74.104581,N,A,
Mohawk-2016,A1169,423729074070301,A1169,42.625360,-74.117310,N,A,
Open-File Report 2015–1168,A 894,423308073503801,A 894,42.552333,-73.843833,N,A,
Lower Hudson-2018,A 650,423919073553801,A 650,42.655356,-73.926792,N,A,
Open-File Report 2015–1168,A 227,423855073544601,A 227,42.648222,-73.912194,N,A,
Delaware-2020,D2989,421012074391201,D2989,42.168680,-74.652139,N,D,
Lower Hudson-2018,SV2495,415126074335301,SV2495,41.857222,-74.564722,N,SV,
Lower Hudson-2018,SV4356,413449074344901,SV4356,41.580278,-74.580278,N,SV,
Delaware-2020,D 889,421007075194201,D 889,42.168833,-75.328500,N,D,
Open-File Report 2012–1135,AG 746,422616078114401,AG 746,42.437944,-78.195222,N,AG,
Open-File Report 2019-1005,AG1129,422018078071901,AG1129,42.338389,-78.121917,N,AG,
Genesee-2020,WO1592,423600078041001,WO1592,42.600267,-78.069633,N,WO,
Open-File Report 2012–1135,AG1129,422018078071901,AG1129,42.338389,-78.121917,N,AG,
Mohawk-2016,MT 947,425245074300201,MT 947,42.875140,-74.495420,N,MT,
Susquehanna-2019,CN2350,423156075232101,CN2350,42.532222,-75.389167,N,CN,
Susquehanna-2019,CN2578,423901075362101,CN2578,42.650361,-75.605889,N,CN,
Mohawk-2021,MT1055,425710074351001,MT1055,42.952833,-74.586222,N,MT,
Open-File Report 2016–1153,TI1857,420303076300701,TI1857,42.050917,-76.502194,N,TI,
Susquehanna-2019,TI2248,421018076232001,TI2248,42.171750,-76.388972,N,TI,
Open-File Report 2015–1168,G1192,421857073530301,G1192,42.315778,-73.884444,N,G,
Open-File Report 2015–1168,U1692,414438074221701,U1692,41.750417,-74.390722,N,U,
Open-File Report 2015–1168,U1806,420351074200001,U1806,42.065056,-74.334444,N,U,
Genesee-2020,WO1656,423247078145101,WO1656,42.546450,-78.247533,N,WO,
Open-File Report 2015–1168,RO 513,410744074074901,RO 513,41.130306,-74.131806,N,RO,
Open-File Report 2015–1168,RO 560,410654074005401,RO 560,41.115000,-74.015278,N,RO,
Open-File Report 2015–1168,RO 853,410840073545201,RO 853,41.145278,-73.915556,N,RO,
Open-File Report 2019-1005,OT2282,424349077310401,OT2282,42.730333,-77.517833,N,OT,
Open-File Report 2007–1093,AG1225,422301078132301,AG1225,42.383889,-78.223889,N,AG,
Open-File Report 2007–1093,AG1235,421356078033701,AG1235,42.232111,-78.059889,N,AG,
Open-File Report 2007–1093,AG1277,421529078000501,AG1277,42.257861,-78.001806,N,AG,
Open-File Report 2012–1135,AG1337,421321078004001,AG1337,42.222583,-78.001111,N,AG,
WNY-2021,WO1826,424815078164201,WO1826,42.804278,-78.278194,N,WO,
Open-File Report 2014–1084,WR  83,433035073450703,WR  83,43.509722,-73.751944,Y,WR,
Chemung-2018,AG1667,422508077441301,AG1667,42.418889,-77.736944,N,AG,
Open-File Report 2012–1135,AG1736,422635077515701,AG1736,42.442889,-77.865722,N,AG,
Mohawk-2021,MT1326,425606074372001,MT1326,42.935083,-74.622111,N,MT,
Open-File Report 2008–1086,MT 407,425957074412101,MT 407,42.999167,-74.688722,N,MT,
WNY-2016,OL 294,431836078065901,OL 294,43.309991,-78.116386,N,OL,
WNY-2021,OL 354,431838078032001,OL 354,43.310472,-78.055444,N,OL,
WNY-2016,OL 356,432103078043901,OL 356,43.350880,-78.077442,N,OL,
Genesee-2020,AG1739,420133077554501,AG1739,42.022222,-77.924139,N,AG,
WNY-2016,CT2161,421158079031201,CT2161,42.199381,-79.053275,N,CT,
Champlain-2019,WR  87,432902073415202,WR  87,43.484722,-73.704167,Y,WR,
Open-File Report 2014–1084,WR  88,434152073591001,WR  88,43.696667,-73.991139,Y,WR,
WNY-2016,CT2884,422118078543101,CT2884,42.354853,-78.908719,N,CT,
WNY-2016,CT2983,422903078364701,CT2983,42.484186,-78.607941,N,CT,
WNY-2021,CT3895,420309078292001,CT3895,42.052556,-78.488750,N,CT,
WNY-2021,CT3960,422559078545801,CT3960,42.433083,-78.916222,N,CT,
WNY-2021,CT4207,422126079024801,CT4207,42.361556,-79.050972,N,CT,
Open-File Report 2015–1168,U1863,413934074094701,U1863,41.660139,-74.163000,N,U,
Lower Hudson-2018,U4469,415919074120201,U4469,41.988611,-74.200556,N,U,
Lower Hudson-2018,U8360,420422074283101,U8360,42.072778,-74.475278,N,U,
Lower Hudson-2018,U8511,414755074155701,U8511,41.798611,-74.265833,N,U,
Lower Hudson-2018,U8933,414628073595701,U8933,41.774444,-73.999167,N,U,
Open-File Report 2008–1140,E1430,424053078525901,E1430,42.681472,-78.883222,N,E,
Open-File Report 2008–1140,E1507,423249078555101,E1507,42.544556,-78.929111,N,E,
Open-File Report 2008–1140,E2428,423427078363701,E2428,42.573694,-78.610778,N,E,
Open-File Report 2008–1140,E2642,425749078421101,E2642,42.963611,-78.702944,N,E,
Open-File Report 2008–1086,MT 408,425647074221001,MT 408,42.946417,-74.368917,N,MT,
Central New York-2017,TM 931,423523076220902,TM 931,42.589609,-76.368841,N,TM,
Open-File Report 2008–1140,NI 1203,431546078421101,NI1203,43.261250,-78.703139,N,NI,
Central New York-2017,TM1046,422906076174801,TM1046,42.485001,-76.296536,N,TM,
Central New York-2017,TM1205,422112076364501,TM1205,42.352958,-76.612729,N,TM,
Susquehanna-2019,TM2932,421949076224501,TM2932,42.330333,-76.379167,N,TM,
Central New York-2017,OT2355,425751077000401,OT2355,42.964305,-77.000861,N,OT,
WNY-2016,AG2005,420446078094501,AG2005,42.079436,-78.162580,N,AG,
Open-File Report 2019-1005,AG2109,422729077465601,AG2109,42.457722,-77.782250,N,AG,
Genesee-2020,AG2109,422729077465601,AG2109,42.457722,-77.782250,N,AG,
Upper Hudson-2017,WR1568,433104073483901,WR1568,43.517889,-73.810722,Y,WR,
Open-File Report 2014–1084,WR2124,433104073572301,WR2124,43.520000,-73.952944,Y,WR,
Upper Hudson-2017,WR2190,433720073532301,WR2190,43.622611,-73.890056,Y,WR,
Open-File Report 2019-1005,AG2300,421317077481701,AG2300,42.221472,-77.804972,N,AG,
Genesee-2020,AG2810,422718078005301,AG2810,42.455222,-78.005611,N,AG,
Susquehanna-2019,TM3096,422637076163501,TM3096,42.443694,-76.276444,N,TM,
Central New York-2017,TM3179,423254076355401,TM3179,42.548150,-76.598319,N,TM,
Upper Hudson-2017,WR2631,432229073462101,WR2631,43.375083,-73.772833,Y,WR,
