agency_cd,site_no,sample_dt,sample_tm,sample_end_dt,sample_end_tm,sample_start_time_datum_cd,tm_datum_rlbty_cd,coll_ent_cd,medium_cd,tu_id,body_part_id,p00930,p00940
USGS,410744074074901,8/1/2013,9:00,,,EST,K,USGS-WRD,WG,,,32.6,63.3
USGS,410744074074901,10/3/2018,7:00,,,EST,K,USGS-WRD,WG,,,39.8,90.4
USGS,412039074072001,7/18/2013,12:00,,,EST,K,USGS-WRD,WG,,,52.9,125
USGS,414411073345302,8/26/2008,11:15,,,EST,K,,WG,,,13.1,24.7
USGS,414411073345302,7/25/2013,9:00,,,EST,K,USGS-WRD,WG,,,16.1,19.4
USGS,415725073310802,9/25/2018,8:30,,,EST,K,USGS-WRD,WG,,,44.1,55.3
USGS,420540076030701,2/23/2005,9:00,,,EST,K,USGS-WRD,WG,,,53.7,140
USGS,420540076030701,9/21/2009,11:00,,,EST,K,USGS-WRD,WG,,,70.4,201
USGS,420540076030701,7/10/2014,9:00,,,EST,K,,WG,,,103,312
USGS,420540076030701,10/7/2019,10:30,,,EST,K,USGS-WRD,WG,,,122,304
USGS,421013078230601,9/14/2021,7:30,,,EST,K,USGS-WRD,WG,,,61.8,119
USGS,421246078161601,9/20/1967,,,,EST,T,,WG,,,7.1,10
USGS,421246078161601,9/15/2021,8:30,,,EST,K,USGS-WRD,WG,,,22.1,36
USGS,421512079161601,7/27/2021,9:30,,,EST,K,USGS-WRD,WG,,,26.1,40.9
USGS,421512079161601,7/27/2021,9:31,,,EST,K,USGS-WRD,WGQ,,,25.8,41
USGS,422937076531401,8/22/2007,11:00,,,EST,K,USGS-WRD,WG,,,42.9,77.6
USGS,422937076531401,10/23/2012,8:00,,,EST,K,USGS-WRD,WG,,,47.2,80.8
USGS,422937076531401,11/20/2017,10:00,,,EST,K,USGS-WRD,WG,,,35.7,54.3
USGS,423054073410201,7/31/2018,9:00,,,EST,K,USGS-WRD,WG,,,28.9,59.2
USGS,424025076321001,12/4/2007,8:00,,,EST,K,USGS-WRD,WG,,,14.2,26.7
USGS,424025076321001,12/4/2007,8:05,,,EST,K,USGS-WRD,WGQ,,,14.3,26.8
USGS,424025076321001,8/22/2012,8:00,,,EST,K,USGS-WRD,WG,,,14.9,21.5
USGS,424025076321001,12/20/2017,10:00,,,EST,K,USGS-WRD,WG,,,13.3,18.6
USGS,424035074291101,11/1/2006,12:30,,,EST,K,USGS-WRD,WG,,,70.4,141
USGS,424549078184101,7/26/1963,,,,EST,T,USGS-WRD,WG,,,,2
USGS,424549078184101,7/26/2021,7:40,,,EST,K,USGS-WRD,WG,,,9.75,16.3
USGS,424909073591601,8/21/2002,9:00,,,EST,T,USGS-WRD,WG,,,18.7,26.9
USGS,424909073591601,8/9/2006,12:00,,,EST,K,USGS-WRD,WG,,,19.6,27.3
USGS,425325073471901,8/6/2012,9:00,,,EST,K,USGS-WRD,WG,,,40,21.4
USGS,425325073471901,5/31/2017,11:00,,,EST,K,USGS-WRD,WG,,,47.8,28.6
USGS,425646074220802,9/9/2021,7:30,,,EST,K,USGS-WRD,WG,,,87.9,170
USGS,443021075042901,8/30/2005,8:30,,,EST,K,USGS-WRD,WG,,,4.8,8.55
USGS,443021075042901,11/17/2015,11:00,,,EST,K,USGS-WRD,WG,,,4.55,5.94
USGS,443306074555101,8/30/2005,11:00,,,EST,K,USGS-WRD,WG,,,2.5,3.48
USGS,443306074555101,8/12/2010,8:00,,,EST,K,,WG,,,2.76,4.37
USGS,443306074555101,11/17/2015,13:00,,,EST,K,USGS-WRD,WG,,,4.17,5.82
USGS,443306074555101,7/22/2020,10:00,,,EST,K,USGS-WRD,WG,,,5.46,6.99
USGS,445159075115601,11/14/1957,0:01,,,EST,T,USGS-WRD,WG,,,,15
USGS,445159075115601,11/14/1957,0:02,,,EST,T,USGS-WRD,WG,,,,16
USGS,445159075115601,11/14/1957,0:03,,,EST,T,USGS-WRD,WG,,,,8.4
USGS,445159075115601,2/14/1958,15:00,,,EST,T,USGS-WRD,WG,,,,23
USGS,445159075115601,9/12/2005,13:00,,,EST,K,USGS-WRD,WG,,,25.6,30
USGS,445159075115601,8/18/2010,12:30,,,EST,K,,WG,,,29.5,31.9
USGS,414504074355301,10/27/2010,10:00,,,EST,K,,WG,,,19.3,29.7
USGS,414504074355301,10/21/2015,11:00,,,EST,K,,WG,,,26.4,65.2
USGS,414504074355301,8/18/2020,10:00,,,EST,K,USGS-WRD,WG,,,37.3,69.7
USGS,423001078565401,12/13/2006,8:00,,,EST,K,USGS-WRD,WG,,,37.7,71.3
USGS,423523076220902,12/18/2017,8:00,,,EST,K,USGS-WRD,WG,,,83.9,162
USGS,423919073553801,7/31/2018,11:00,,,EST,K,USGS-WRD,WG,,,126,233
USGS,430647076552901,12/3/2012,10:00,,,EST,K,USGS-WRD,WG,,,13,22.6
USGS,430647076552901,12/3/2012,10:01,,,EST,K,USGS-WRD,WG,,,13.3,22.5
USGS,430647076552901,12/6/2017,11:00,,,EST,K,USGS-WRD,WG,,,14.6,25
USGS,424713073473601,8/28/2002,10:00,,,EST,T,USGS-WRD,WG,,,14.8,26.5
USGS,424713073473601,9/18/2006,15:00,,,EST,K,USGS-WRD,WG,,,15.2,21.9
USGS,424713073473601,7/25/2011,12:00,,,EST,K,,WG,,,15.2,24.6
USGS,424713073473601,10/31/2016,11:00,,,EST,K,USGS-WRD,WG,,,21.5,34.3
USGS,424713073473601,9/23/2021,7:30,,,EST,K,USGS-WRD,WG,,,21.4,30.7
USGS,425550074330701,9/9/2002,9:00,,,EST,T,USGS-WRD,WG,,,41.3,108
USGS,425550074330701,8/23/2006,12:00,,,EST,K,USGS-WRD,WG,,,51.4,110
USGS,425550074330701,7/27/2011,12:00,,,EST,K,,WG,,,53.3,89
USGS,425550074330701,11/7/2016,11:00,,,EST,K,USGS-WRD,WG,,,52.4,106
USGS,425550074330701,9/8/2021,10:30,,,EST,K,USGS-WRD,WG,,,58.8,119
USGS,425647074221001,9/4/2002,12:00,,,EST,T,USGS-WRD,WG,,,74.9,144
USGS,425647074221001,8/15/2006,14:30,,,EST,K,USGS-WRD,WG,,,73.6,150
USGS,425957074412101,9/9/2002,10:30,,,EST,T,USGS-WRD,WG,,,7.5,13.5
USGS,425957074412101,8/31/2006,11:30,,,EST,K,USGS-WRD,WG,,,11.8,21.7
USGS,430047075003001,9/11/2002,11:20,,,EST,T,USGS-WRD,WG,,,62.7,115
USGS,430047075003001,9/19/2006,11:30,,,EST,K,USGS-WRD,WG,,,68.2,130
USGS,430047075003001,7/27/2011,9:00,,,EST,K,,WG,,,68.7,112
USGS,430047075003001,11/14/2016,9:00,,,EST,K,USGS-WRD,WG,,,64.2,108
USGS,430047075003001,8/17/2021,9:00,,,EST,K,USGS-WRD,WG,,,87,153
USGS,430848074581301,9/16/2002,12:45,,,EST,T,USGS-WRD,WG,,,4.2,5.04
USGS,430848074581301,9/25/2006,11:30,,,EST,K,USGS-WRD,WG,,,4.06,5.23
USGS,431353075041801,9/16/2002,10:30,,,EST,T,USGS-WRD,WG,,,4.89,6.78
USGS,431353075041801,11/14/2016,11:00,,,EST,K,USGS-WRD,WG,,,11.8,17.5
USGS,432004075105101,9/18/2002,12:30,,,EST,T,USGS-WRD,WG,,,4.26,3.17
USGS,432004075105101,8/22/2006,13:00,,,EST,K,USGS-WRD,WG,,,5.82,6.94
USGS,425553075283601,9/23/2002,12:50,,,EST,T,USGS-WRD,WG,,,4.81,5.55
USGS,425553075283601,9/20/2006,11:30,,,EST,K,USGS-WRD,WG,,,3.89,4.46
USGS,425747075144501,9/25/2002,11:00,,,EST,T,USGS-WRD,WG,,,14.8,35.1
USGS,425747075144501,9/6/2006,11:30,,,EST,K,USGS-WRD,WG,,,24.7,65.7
USGS,430655075240001,9/23/2002,10:30,,,EST,T,USGS-WRD,WG,,,60,105
USGS,430655075240001,9/20/2006,13:30,,,EST,K,USGS-WRD,WG,,,55.1,98.1
USGS,430655075240001,7/21/2011,11:30,,,EST,K,,WG,,,56.6,101
USGS,430655075240001,9/7/2021,8:00,,,EST,K,USGS-WRD,WG,,,57.8,97.3
USGS,422440077253301,9/3/2003,7:00,,,EST,K,USGS-WRD,WG,,,25.2,74.7
USGS,422440077253301,9/4/2018,9:00,,,EST,K,USGS-WRD,WG,,,35.7,73.2
USGS,422618075360001,8/14/2014,6:30,,,EST,K,USGS-WRD,WG,,,30.5,61.6
USGS,432428073311501,9/28/2004,8:00,,,EST,K,USGS-WRD,WG,,,3.05,4.67
USGS,432428073311501,9/15/2009,11:30,,,EST,K,,WG,,,3.72,6.46
USGS,432428073311501,7/1/2014,8:30,,,EST,K,USGS-WRD,WG,,,3.9,9.39
USGS,432428073311501,7/31/2019,9:15,,,EST,K,USGS-WRD,WG,,,4.03,5.69
USGS,445939073275102,9/14/2004,10:00,,,EST,K,USGS-WRD,WG,,,127,189
USGS,445939073275102,10/5/2009,11:00,,,EST,K,,WG,,,125,193
USGS,445939073275102,10/8/2014,11:00,,,EST,K,USGS-WRD,WG,,,138,184
USGS,442859073250301,9/22/2004,9:30,,,EST,K,USGS-WRD,WG,,,3.87,0.76
USGS,442859073250301,9/2/2009,11:00,,,EST,K,,WG,,,3.61,0.74
USGS,442859073250301,9/16/2019,10:00,,,EST,K,USGS-WRD,WG,,,4.44,0.88
USGS,441656073325202,9/11/2019,7:45,,,EST,K,USGS-WRD,WG,,,5.34,8.06
USGS,434928074390401,8/22/2005,10:40,,,EST,K,USGS-WRD,WG,,,7.39,1
USGS,440907075191701,9/13/2005,9:00,,,EST,K,USGS-WRD,WG,,,7.23,10.3
USGS,441014075400401,8/31/2005,9:00,,,EST,K,USGS-WRD,WG,,,4.72,2.53
USGS,441337074333602,9/9/2020,6:30,,,EST,K,USGS-WRD,WG,,,15.1,6.6
USGS,441337074333603,8/25/2005,8:30,,,EST,K,USGS-WRD,WG,,,21.6,124
USGS,441928075150501,9/13/2005,12:00,,,EST,K,USGS-WRD,WG,,,1.71,0.53
USGS,442639075262801,8/31/2005,12:00,,,EST,K,USGS-WRD,WG,,,10.8,8.57
USGS,443705075242701,8/24/2005,12:55,,,EST,K,USGS-WRD,WG,,,24.9,49.7
USGS,443758074273001,8/24/2005,9:00,,,EST,K,USGS-WRD,WG,,,2.59,3.32
USGS,443758074273001,8/31/2010,11:30,,,EST,K,,WG,,,3.24,3.72
USGS,443758074273001,11/18/2015,13:00,,,EST,K,USGS-WRD,WG,,,3.36,2.82
USGS,445221074154101,8/23/2005,9:00,,,EST,K,USGS-WRD,WG,,,4.36,1.43
USGS,445221074333601,9/1/2005,11:30,,,EST,K,USGS-WRD,WG,,,167,386
USGS,445720073554001,8/23/2005,11:45,,,EST,K,USGS-WRD,WG,,,5.36,21.9
USGS,445912074102901,9/1/2005,9:00,,,EST,K,USGS-WRD,WG,,,6.9,0.99
USGS,443346075103701,9/14/2005,13:00,,,EST,K,USGS-WRD,WG,,,27.6,53.8
USGS,441339074505201,10/4/2005,9:00,,,EST,K,USGS-WRD,WG,,,3.89,8.19
USGS,444802074590802,9/27/2005,13:00,,,EST,K,USGS-WRD,WG,,,16,28.6
USGS,443850074532001,9/28/2005,13:00,,,EST,K,USGS-WRD,WG,,,3.98,0.74
USGS,444624073572601,10/3/2005,9:00,,,EST,K,USGS-WRD,WG,,,1.5,0.47
USGS,442651075451501,9/29/2005,9:30,,,EST,K,USGS-WRD,WG,,,20.8,39.3
USGS,444009075030601,10/3/2005,13:00,,,EST,K,USGS-WRD,WG,,,15,4.21
USGS,440517075482701,9/28/2005,9:00,,,EST,K,USGS-WRD,WG,,,91.1,213
USGS,440517075482701,9/17/2020,7:30,,,EST,K,USGS-WRD,WG,,,155,357
USGS,421529078000501,11/1/2005,12:00,,,EST,K,USGS-WRD,WG,,,150,90.2
USGS,423712077423401,11/10/2010,10:00,,,EST,K,USGS-WRD,WG,,,11,26.3
USGS,423846077391501,10/27/2005,9:00,,,EST,K,USGS-WRD,WG,,,4.29,8.34
USGS,421356078033701,11/1/2005,8:00,,,EST,K,USGS-WRD,WG,,,56.3,16.8
USGS,424352077555201,11/9/2005,9:00,,,EST,K,USGS-WRD,WG,,,173,72
USGS,430127077463701,11/3/2005,12:00,,,EST,K,USGS-WRD,WG,,,25.3,4.83
USGS,425040077283701,11/9/2005,12:00,,,EST,K,USGS-WRD,WG,,,70.1,9.93
USGS,424300077384601,11/17/2005,9:00,,,EST,K,USGS-WRD,WG,,,6.3,9.9
USGS,425040078030901,12/8/2005,9:00,,,EST,K,USGS-WRD,WG,,,20.5,35.1
USGS,425044077395101,11/3/2005,8:00,,,EST,K,USGS-WRD,WG,,,32.4,109
USGS,441255075475101,11/21/2005,10:00,,,EST,K,USGS-WRD,WG,,,34.9,59.4
USGS,425800078040001,12/1/2005,12:00,,,EST,K,USGS-WRD,WG,,,38.9,48.4
USGS,426400078130001,12/1/2005,9:00,,,EST,K,USGS-WRD,WG,,,21.3,37.1
USGS,426400078130001,9/8/2010,9:00,,,EST,K,USGS-WRD,WG,,,21.8,34.9
USGS,426400078130001,9/9/2010,9:00,,,EST,K,USGS-WRD,OA,,,< 0.10,< 0.12
USGS,425600077696001,12/15/2005,8:00,,,EST,K,USGS-WRD,WG,,,9.85,31.3
USGS,421210077921001,1/19/2006,9:00,,,EST,K,USGS-WRD,WG,,,53,10
USGS,421210077921001,10/6/2010,7:00,,,EST,K,USGS-WRD,WG,,,48.7,14.1
USGS,422500078100001,1/11/2006,9:00,,,EST,K,USGS-WRD,WG,,,29.1,17.8
USGS,430106078050501,1/11/2006,12:00,,,EST,K,USGS-WRD,WG,,,3.87,1.89
USGS,415220075034801,1/19/2006,10:00,,,EST,K,USGS-WRD,WG,,,4.75,1.08
USGS,415220075034801,10/7/2010,10:00,,,EST,K,,WG,,,3.6,1.25
USGS,415220075034801,10/7/2015,9:00,,,EST,K,,WG,,,6.17,2.69
USGS,444455074124102,1/12/2006,11:00,,,EST,K,USGS-WRD,WG,,,3.24,6.26
USGS,444455074124102,10/18/2010,8:00,,,EST,K,,WG,,,3.53,6.24
USGS,444455074124102,11/18/2015,9:00,,,EST,K,USGS-WRD,WG,,,4.17,7.36
USGS,444455074124102,9/16/2020,7:30,,,EST,K,USGS-WRD,WG,,,4.84,8.71
USGS,430049077362701,2/8/2006,9:00,,,EST,K,USGS-WRD,WG,,,32.5,6.32
USGS,430049077362701,9/23/2010,7:00,,,EST,K,USGS-WRD,WG,,,34.6,10.2
USGS,425040077484701,2/8/2006,12:00,,,EST,K,USGS-WRD,WG,,,102,20.8
USGS,422301078132301,2/14/2006,12:00,,,EST,K,USGS-WRD,WG,,,7.53,5.78
USGS,424100077493001,2/14/2006,9:00,,,EST,K,USGS-WRD,WG,,,54.8,87.4
USGS,423200078070701,3/9/2006,9:00,,,EST,K,USGS-WRD,WG,,,11.6,115
USGS,425341077411201,3/16/2006,9:00,,,EST,K,USGS-WRD,WG,,,32.5,4.96
USGS,425750078005001,3/23/2006,9:00,,,EST,K,USGS-WRD,WG,,,156,271
USGS,425757073575201,8/7/2006,12:00,,,EST,K,USGS-WRD,WG,,,80.6,132
USGS,424705074201501,8/8/2006,12:00,,,EST,K,USGS-WRD,WG,,,139,13
USGS,425942074125601,8/9/2006,15:00,,,EST,K,USGS-WRD,WG,,,23.4,2.2
USGS,432734075273401,8/17/2006,13:00,,,EST,K,USGS-WRD,WG,,,112,110
USGS,421256074124901,8/14/2006,15:00,,,EST,K,USGS-WRD,WG,,,662,1070
USGS,421730074244201,8/14/2006,12:00,,,EST,K,USGS-WRD,WG,,,411,600
USGS,423355074273401,8/10/2006,15:00,,,EST,K,USGS-WRD,WG,,,41.9,1
USGS,423507074171701,8/8/2006,15:00,,,EST,K,USGS-WRD,WG,,,247,235
USGS,430139075224501,8/24/2006,14:00,,,EST,K,USGS-WRD,WG,,,13.2,35
USGS,424630074342001,8/10/2006,12:00,,,EST,K,USGS-WRD,WG,,,86.6,150
USGS,431420075064001,8/21/2006,15:00,,,EST,K,USGS-WRD,WG,,,2.58,4.19
USGS,430148074495101,8/16/2006,15:00,,,EST,K,USGS-WRD,WG,,,139,20.2
USGS,430814074302401,8/15/2006,12:00,,,EST,K,USGS-WRD,WG,,,4.12,0.5
USGS,431951074583901,8/16/2006,11:30,,,EST,K,USGS-WRD,WG,,,1.48,1.85
USGS,432327074440801,9/14/2006,11:45,,,EST,K,USGS-WRD,WG,,,6.08,0.31
USGS,430201074283801,10/25/2016,10:00,,,EST,K,USGS-WRD,WG,,,3.81,11.5
USGS,421506078480401,8/16/2006,8:00,,,EST,K,USGS-WRD,WG,,,9,19.3
USGS,421732079193601,8/16/2006,12:00,,,EST,K,USGS-WRD,WG,,,63.4,37.4
USGS,421151079250401,8/15/2006,10:00,,,EST,K,USGS-WRD,WG,,,75.5,56.6
USGS,410654074005401,9/3/2008,11:30,,,EST,K,,WG,,,26.3,81.8
USGS,410654074005401,8/1/2013,12:00,,,EST,K,USGS-WRD,WG,,,28.4,95.4
USGS,420055078186001,8/23/2006,8:00,,,EST,K,USGS-WRD,WG,,,23.9,2.61
USGS,421724079082701,8/30/2006,12:00,,,EST,K,USGS-WRD,WG,,,43.7,44.6
USGS,421621078193401,8/30/2006,8:00,,,EST,K,USGS-WRD,WG,,,10.2,3.91
USGS,421958078415001,8/22/2006,10:00,,,EST,K,USGS-WRD,WG,,,2.87,0.78
USGS,422142079290701,8/29/2006,10:00,,,EST,K,USGS-WRD,WG,,,78.6,103
USGS,423755078512701,8/23/2006,12:00,,,EST,K,USGS-WRD,WG,,,36.1,15.3
USGS,420353079313901,9/13/2006,10:00,,,EST,K,USGS-WRD,WG,,,5.53,0.97
USGS,420447078563701,9/14/2006,8:00,,,EST,K,USGS-WRD,WG,,,51.2,28.3
USGS,421515078412401,9/14/2006,12:00,,,EST,K,USGS-WRD,WG,,,109,50.1
USGS,431428077450501,9/20/2006,8:00,,,EST,K,USGS-WRD,WG,,,82.2,78.7
USGS,431546078421101,9/20/2006,12:00,,,EST,K,USGS-WRD,WG,,,929,1590
USGS,431613077575901,9/19/2006,10:00,,,EST,K,USGS-WRD,WG,,,166,340
USGS,424053078525901,10/5/2006,12:00,,,EST,K,USGS-WRD,WG,,,82,141
USGS,425749078421101,10/5/2006,8:00,,,EST,K,USGS-WRD,WG,,,52.5,93.6
USGS,430841078190501,10/4/2006,10:00,,,EST,K,USGS-WRD,WG,,,7.25,26.6
USGS,423021079072201,10/12/2006,8:00,,,EST,K,USGS-WRD,WG,,,19.9,61.8
USGS,421726079392601,10/11/2006,10:00,,,EST,K,USGS-WRD,WG,,,21.9,22.2
USGS,421300078160001,10/17/2006,8:00,,,EST,K,USGS-WRD,WG,,,38.6,88
USGS,421300078160001,8/22/2011,8:00,,,EST,K,USGS-WRD,WG,,,37.3,72
USGS,421300078160001,9/12/2016,9:00,,,EST,K,USGS,WG,,,38.1,65
USGS,421300078160001,9/15/2021,7:30,,,EST,K,USGS-WRD,WG,,,42.6,75.4
USGS,423427078363701,10/18/2006,12:00,,,EST,K,USGS-WRD,WG,,,5.67,20.2
USGS,423820078230201,10/25/2006,12:00,,,EST,K,USGS-WRD,WG,,,19.1,38.6
USGS,423249078555101,10/18/2006,8:00,,,EST,K,USGS-WRD,WG,,,26.9,10.1
USGS,425900078120001,10/26/2006,8:00,,,EST,K,USGS-WRD,WG,,,74.4,140
USGS,425900078120001,8/4/2011,6:30,,,EST,K,USGS-WRD,WG,,,60.6,128
USGS,425900078120001,8/9/2016,9:00,,,EST,K,USGS,WG,,,103,190
USGS,425900078120001,7/29/2021,7:15,,,EST,K,USGS-WRD,WG,,,101,180
USGS,431230078023001,10/24/2006,10:00,,,EST,K,USGS-WRD,WG,,,17.7,41.5
USGS,431230078023001,8/17/2011,6:00,,,EST,K,USGS-WRD,WG,,,17.7,37.2
USGS,431230078023001,12/7/2016,9:00,,,EST,K,USGS,WG,,,22.6,48.4
USGS,431230078023001,7/27/2021,7:00,,,EST,K,USGS-WRD,WG,,,19.7,41.3
USGS,423200078250001,10/25/2006,8:00,,,EST,K,USGS-WRD,WG,,,18.2,29.9
USGS,423200078250001,9/28/2011,10:00,,,EST,K,USGS-WRD,WG,,,20.3,34.5
USGS,423200078250001,7/27/2016,9:00,,,EST,K,USGS,WG,,,23.8,33.4
USGS,423200078250001,7/29/2021,9:15,,,EST,K,USGS-WRD,WG,,,21.5,30.4
USGS,431902078185301,11/7/2006,10:00,,,EST,K,USGS-WRD,WG,,,35.3,85.9
USGS,423001078400001,11/8/2006,8:00,,,EST,K,USGS-WRD,WG,,,16,37.9
USGS,423001078400001,9/28/2011,7:00,,,EST,K,USGS-WRD,WG,,,18.3,46.9
USGS,423001078400001,11/15/2016,9:00,,,EST,K,USGS,WG,,,39.5,92.5
USGS,423001078400001,9/15/2021,11:00,,,EST,K,USGS-WRD,WG,,,39.9,85.7
USGS,425505078121101,11/8/2006,12:00,,,EST,K,USGS-WRD,WG,,,3.82,10.8
USGS,425424078294802,12/13/2006,12:00,,,EST,K,USGS-WRD,WG,,,33.6,79.9
USGS,425424078294802,8/3/2011,10:00,,,EST,K,USGS-WRD,WG,,,63.1,169
USGS,425424078294802,11/15/2016,12:00,,,EST,K,USGS,WG,,,122,261
USGS,425424078294802,7/29/2021,9:30,,,EST,K,USGS-WRD,WG,,,131,258
USGS,425424078294802,7/29/2021,9:31,,,EST,K,USGS-WRD,WGQ,,,135,260
USGS,431500079010001,12/12/2006,10:00,,,EST,K,USGS-WRD,WG,,,51.4,91.7
USGS,421800077051901,7/25/2013,9:00,,,EST,K,USGS-WRD,WG,,,62.9,38.1
USGS,435000073461202,8/15/2007,11:30,,,EST,K,,WG,,,8.84,42.4
USGS,435000073461202,8/16/2012,9:00,,,EST,K,USGS-WRD,WG,,,14.8,51.7
USGS,435000073461202,11/14/2017,10:00,,,EST,K,USGS-WRD,WG,,,16.2,47.6
USGS,424135073222101,11/1/2007,9:30,,,EST,K,,WG,,,63.6,107
USGS,424135073222101,8/30/2012,13:00,,,EST,K,USGS-WRD,WG,,,46.2,71.6
USGS,431240073281701,8/8/2012,9:00,,,EST,K,USGS-WRD,WG,,,42.7,1.78
USGS,433035073450703,8/29/2007,13:00,,,EST,K,,WG,,,34.3,73.2
USGS,433035073450703,8/14/2012,9:00,,,EST,K,USGS-WRD,WG,,,26.8,46.2
USGS,430616074155501,8/30/2007,9:30,,,EST,K,,WG,,,50.1,104
USGS,430616074155501,8/7/2012,9:00,,,EST,K,USGS-WRD,WG,,,51.6,87.7
USGS,430728073443401,10/18/2007,10:00,,,EST,K,,WG,,,19.4,36.8
USGS,430728073443401,8/16/2012,12:00,,,EST,K,USGS-WRD,WG,,,42.8,86.7
USGS,430728073443401,5/31/2017,9:00,,,EST,K,USGS-WRD,WG,,,53.2,96.1
USGS,431906076404201,11/13/2007,8:00,,,EST,K,USGS-WRD,WG,,,3.48,5.23
USGS,431906076404201,11/14/2012,8:00,,,EST,K,USGS-WRD,WG,,,3.99,7.24
USGS,431906076404201,12/6/2017,8:00,,,EST,K,USGS-WRD,WG,,,4.23,6.51
USGS,443526073502601,6/30/2014,9:00,,,EST,K,USGS-WRD,WG,,,8.57,29.5
USGS,443731073543601,9/18/2019,8:00,,,EST,K,USGS-WRD,WG,,,2.69,4.24
USGS,445104073390001,11/24/2014,11:00,,,EST,K,USGS-WRD,WG,,,33.5,0.85
USGS,431542075520801,12/19/2007,8:00,,,EST,K,USGS-WRD,WG,,,1.2,1.49
USGS,431542075520801,11/28/2012,10:00,,,EST,K,USGS-WRD,WG,,,1.42,1.82
USGS,431542075520801,12/12/2017,10:00,,,EST,K,USGS-WRD,WG,,,1.39,1.51
USGS,410840073545201,9/3/2008,9:30,,,EST,K,,WG,,,74.4,45.9
USGS,410840073545201,7/24/2013,9:00,,,EST,K,USGS-WRD,WG,,,50.7,9.47
USGS,411736074275102,8/19/2008,9:30,,,EST,K,,WG,,,126,232
USGS,411736074275102,10/30/2018,7:00,,,EST,K,USGS-WRD,WG,,,148,289
USGS,415846074002401,8/13/2008,11:30,,,EST,K,,WG,,,36.9,69.2
USGS,415846074002401,7/22/2013,13:00,,,EST,K,USGS-WRD,WG,,,38.4,69.4
USGS,415846074002401,8/28/2018,7:00,,,EST,K,USGS-WRD,WG,,,38.4,66.8
USGS,421338073380901,8/6/2008,9:00,,,EST,K,,WG,,,8.6,13.7
USGS,421338073380901,7/25/2013,12:00,,,EST,K,USGS-WRD,WG,,,10,15.6
USGS,421338073380901,8/14/2018,9:30,,,EST,K,USGS-WRD,WG,,,14.7,23.9
USGS,435310075483801,9/10/2008,10:00,,,EST,K,USGS-WRD,WG,,,215,150
USGS,433539076005201,8/28/2013,9:00,,,EST,K,USGS-WRD,WG,,,4.62,4.73
USGS,433539076005201,8/28/2013,9:05,,,EST,K,USGS-WRD,WG,,,4.65,4.74
USGS,434235074562201,8/27/2008,10:00,,,EST,K,USGS-WRD,WG,,,2.83,0.73
USGS,434904074552101,8/26/2008,9:00,,,EST,K,USGS-WRD,WG,,,3.81,0.82
USGS,433031074541401,9/3/2008,12:00,,,EST,K,USGS-WRD,WG,,,2.98,0.45
USGS,434400075282001,9/2/2008,10:00,,,EST,K,USGS-WRD,WG,,,4.15,11.6
USGS,434400075282001,9/2/2008,10:05,,,EST,K,USGS-WRD,WGQ,,,4.1,11.6
USGS,441422075501801,9/9/2008,11:00,,,EST,K,USGS-WRD,WG,,,3.85,0.66
USGS,412410073360105,9/22/2008,10:00,,,EST,K,,WG,,,80.9,212
USGS,412410073360105,7/30/2013,12:00,,,EST,K,USGS-WRD,WG,,,63.6,142
USGS,440202076023201,9/10/2008,11:00,,,EST,K,USGS-WRD,WG,,,84.7,166
USGS,434713075452801,9/17/2008,8:00,,,EST,K,USGS-WRD,WG,,,223,225
USGS,434840076014001,9/17/2008,11:00,,,EST,K,USGS-WRD,WG,,,30.5,35
USGS,434840076014001,8/27/2013,10:00,,,EST,K,USGS-WRD,WG,,,26.7,34.1
USGS,434840076014001,8/27/2013,10:05,,,EST,K,USGS-WRD,WG,,,27,34.1
USGS,432346076152601,9/30/2008,11:00,,,EST,K,USGS-WRD,WG,,,150,368
USGS,433027075591701,10/1/2008,11:00,,,EST,K,USGS-WRD,WG,,,2.01,2.19
USGS,433027075591701,11/5/2013,11:00,,,EST,K,USGS-WRD,WG,,,3.03,5.32
USGS,435800075400001,9/24/2008,11:00,,,EST,K,USGS-WRD,WG,,,21.4,24.4
USGS,432948076114501,9/23/2008,11:00,,,EST,K,USGS-WRD,WG,,,99.5,51.7
USGS,435400075180001,9/24/2008,8:00,,,EST,K,USGS-WRD,WG,,,1.59,1.23
USGS,434239076032202,10/1/2008,9:00,,,EST,K,USGS-WRD,WG,,,5.34,5.61
USGS,434239076032202,8/27/2013,6:00,,,EST,K,USGS-WRD,WG,,,5.84,6.37
USGS,434239076032202,8/27/2013,6:05,,,EST,K,USGS-WRD,WG,,,6,6.38
USGS,432652075121601,10/7/2008,11:00,,,EST,K,USGS-WRD,WG,,,53.3,112
USGS,432652075121601,8/14/2013,9:00,,,EST,K,USGS-WRD,WG,,,39,83.3
USGS,432652075121601,9/26/2018,9:00,,,EST,K,USGS-WRD,WG,,,64.7,133
USGS,433700075220001,10/21/2008,11:00,,,EST,K,USGS-WRD,WG,,,1.84,1.76
USGS,432959075430801,10/22/2008,11:00,,,EST,K,USGS-WRD,WG,,,1.3,0.83
USGS,422130077400001,11/12/2008,11:00,,,EST,K,USGS-WRD,WG,,,56.2,87.8
USGS,422130077400001,8/28/2018,9:30,,,EST,K,USGS-WRD,WG,,,64.8,115
USGS,423118077282001,11/12/2008,8:00,,,EST,K,USGS-WRD,WG,,,12,31.5
USGS,423118077282001,8/29/2018,9:30,,,EST,K,USGS-WRD,WG,,,21.8,37.7
USGS,420630077145001,12/16/2008,8:00,,,EST,K,USGS-WRD,WG,,,26.4,49.2
USGS,420630077145001,6/27/2013,9:00,,,EST,K,USGS-WRD,WG,,,25.3,53.3
USGS,442101073425601,9/21/2009,11:00,,,EST,K,,WG,,,3.27,1.31
USGS,442101073425601,10/28/2014,9:00,,,EST,K,USGS-WRD,WG,,,3.48,1.19
USGS,442101073425601,9/10/2019,7:15,,,EST,K,USGS-WRD,WG,,,6.69,20.2
USGS,444204073325901,9/16/2019,7:45,,,EST,K,USGS-WRD,WG,,,12.9,45.2
USGS,425304075111801,10/5/2009,9:00,,,EST,K,USGS-WRD,WG,,,17.8,32.3
USGS,425304075111801,10/5/2009,9:05,,,EST,K,USGS-WRD,WGQ,,,18.1,32.5
USGS,425304075111801,7/30/2019,9:15,,,EST,K,USGS-WRD,WG,,,23.4,39.7
USGS,432902073415202,8/20/2019,9:45,,,EST,K,USGS-WRD,WG,,,40.6,81.8
USGS,421350076110301,11/4/2009,9:00,,,EST,K,USGS-WRD,WG,,,15.6,26.3
USGS,421350076110301,7/9/2014,8:00,,,EST,K,USGS-WRD,WG,,,15.9,24.4
USGS,421350076110301,10/1/2019,7:45,,,EST,K,USGS-WRD,WG,,,15.5,21.9
USGS,423938075024001,11/18/2009,9:00,,,EST,K,USGS-WRD,WG,,,27.2,34.3
USGS,423938075024001,7/7/2014,9:00,,,EST,K,,WG,,,43.1,109
USGS,421526076402701,9/30/2019,11:30,,,EST,K,USGS-WRD,WG,,,4.65,0.7
USGS,421526076402701,9/30/2019,11:31,,,EST,K,USGS-WRD,WGQ,,,4.64,0.69
USGS,422906076174801,7/28/2003,12:00,,,EST,K,USGS-WRD,WG,,,8.78,5.71
USGS,422906076174801,12/18/2017,11:00,,,EST,K,USGS-WRD,WG,,,8.77,7.65
USGS,413434074291201,10/28/2010,9:30,,,EST,K,,WG,,,11.3,5.63
USGS,413434074291201,8/18/2020,8:00,,,EST,K,USGS-WRD,WG,,,15.7,14.9
USGS,422309074525301,10/13/2015,9:00,,,EST,K,,WG,,,2.65,0.8
USGS,440229075501101,8/11/2010,8:00,,,EST,K,,WG,,,105,206
USGS,440229075501101,11/5/2015,9:00,,,EST,K,,WG,,,168,304
USGS,444439074594601,11/17/2015,9:00,,,EST,K,USGS-WRD,WG,,,18.7,31.4
USGS,444454075075401,10/18/2010,11:00,,,EST,K,,WG,,,32.2,31.2
USGS,444454075075401,7/23/2020,10:30,,,EST,K,USGS-WRD,WG,,,34.7,36.2
USGS,430330078023901,9/14/2010,9:00,,,EST,K,USGS-WRD,WG,,,12.8,28.9
USGS,421321078004001,9/15/2010,9:00,,,EST,K,USGS-WRD,WG,,,118,9.07
USGS,422616078114401,9/29/2010,8:00,,,EST,K,USGS-WRD,WG,,,6.14,12.9
USGS,424629077552101,9/28/2010,9:00,,,EST,K,USGS-WRD,WG,,,21.5,88.9
USGS,425505077531001,10/5/2010,6:30,,,EST,K,USGS-WRD,WG,,,32,94.7
USGS,424536077331601,10/26/2010,9:30,,,EST,K,USGS-WRD,WG,,,61.8,8.85
USGS,430221077524001,11/3/2010,13:00,,,EST,K,USGS-WRD,WG,,,51.1,45.3
USGS,420219077462301,11/16/2010,10:00,,,EST,K,USGS-WRD,WG,,,20.7,40.9
USGS,420219077462301,9/15/2020,7:30,,,EST,K,USGS-WRD,WG,,,21.2,36.3
USGS,424924078045901,11/2/2010,9:00,,,EST,K,USGS-WRD,WG,,,35.6,67.4
USGS,422018078071901,11/17/2010,10:00,,,EST,K,USGS-WRD,WG,,,97.4,73.6
USGS,423219077571701,11/18/2010,10:00,,,EST,K,USGS-WRD,WG,,,25.1,83
USGS,422635077515701,12/1/2010,10:00,,,EST,K,USGS-WRD,WG,,,33.1,17.6
USGS,425552075224901,7/21/2011,9:00,,,EST,K,,WG,,,40,89.5
USGS,425552075224901,11/1/2016,11:00,,,EST,K,USGS-WRD,WG,,,55.1,104
USGS,425552075224901,8/18/2021,11:00,,,EST,K,USGS-WRD,WG,,,52.6,86.7
USGS,420926079355501,11/8/2011,9:00,,,EST,K,USGS-WRD,WG,,,48.5,93.2
USGS,420926079355501,11/8/2011,9:01,,,EST,K,USGS-WRD,WGQ,,,48.2,93.1
USGS,420926079355501,11/29/2016,9:00,,,EST,K,USGS,WG,,,37.9,65.8
USGS,420508075502201,7/18/2019,10:45,,,EST,K,USGS-WRD,WG,,,45.1,12.1
USGS,425651073395801,8/6/2012,12:00,,,EST,K,USGS-WRD,WG,,,86.5,14.9
USGS,431620074000701,8/9/2012,9:00,,,EST,K,USGS-WRD,WG,,,8.55,14.1
USGS,430842074081101,8/7/2012,12:00,,,EST,K,USGS-WRD,WG,,,10.1,2.23
USGS,430301073212601,8/8/2012,12:00,,,EST,K,USGS-WRD,WG,,,80.1,7.35
USGS,425330073171501,8/9/2012,12:00,,,EST,K,USGS-WRD,WG,,,5.25,0.72
USGS,430605073571001,8/20/2012,9:00,,,EST,K,USGS-WRD,WG,,,3.42,0.71
USGS,433104073572301,8/15/2012,12:00,,,EST,K,USGS-WRD,WG,,,4.26,2.16
USGS,434656074125801,8/13/2012,9:00,,,EST,K,USGS-WRD,WG,,,4.34,1.08
USGS,434656074125801,8/13/2012,9:01,,,EST,K,USGS-WRD,WGQ,,,4.27,1.11
USGS,435943073401401,8/15/2012,9:00,,,EST,K,USGS-WRD,WG,,,3.21,3.07
USGS,434152073591001,8/14/2012,12:00,,,EST,K,USGS-WRD,WG,,,5.07,5.52
USGS,430052073505501,8/22/2012,9:30,,,EST,K,USGS-WRD,WG,,,54.2,105
USGS,431333074102001,8/23/2012,9:00,,,EST,K,USGS-WRD,WG,,,8.5,10.6
USGS,432816074244501,8/21/2012,9:00,,,EST,K,USGS-WRD,WG,,,122,1440
USGS,422112076364501,11/20/2012,10:00,,,EST,K,USGS-WRD,WG,,,48.7,123
USGS,422112076364501,12/13/2017,10:00,,,EST,K,USGS-WRD,WG,,,60.1,131
USGS,421007075194201,7/15/2020,10:30,,,EST,K,USGS-WRD,WG,,,4.21,0.66
USGS,411824074122501,11/27/2018,11:30,,,EST,K,USGS-WRD,WG,,,29.9,150
USGS,420247077323901,6/26/2013,9:00,,,EST,K,USGS-WRD,WG,,,8.94,10.1
USGS,423855073544601,7/10/2013,9:00,,,EST,K,USGS-WRD,WG,,,17.5,37.1
USGS,411102074184901,7/18/2013,9:00,,,EST,K,USGS-WRD,WG,,,8.52,4.13
USGS,411940073564401,7/24/2013,12:00,,,EST,K,USGS-WRD,WG,,,3.13,2.1
USGS,413551073473601,7/16/2013,12:00,,,EST,K,USGS-WRD,WG,,,5.99,9.69
USGS,413934074094701,7/16/2013,9:00,,,EST,K,USGS-WRD,WG,,,33.1,25.5
USGS,420351074200001,7/22/2013,9:00,,,EST,K,USGS-WRD,WG,,,2.28,0.96
USGS,421857073530301,7/11/2013,9:00,,,EST,K,USGS-WRD,WG,,,116,11
USGS,422118074103801,7/9/2013,9:00,,,EST,K,USGS-WRD,WG,,,14.6,5.03
USGS,422660073385401,7/8/2013,12:00,,,EST,K,USGS-WRD,WG,,,39.2,70.6
USGS,423308073503801,7/9/2013,12:00,,,EST,K,USGS-WRD,WG,,,89,35.9
USGS,423355073211301,7/8/2013,9:00,,,EST,K,USGS-WRD,WG,,,0.98,1.91
USGS,424409073334801,7/10/2013,12:00,,,EST,K,USGS-WRD,WG,,,20.3,14.4
USGS,411008073354401,7/17/2013,9:00,,,EST,K,USGS-WRD,WG,,,10,14.2
USGS,413340074111801,7/15/2013,12:00,,,EST,K,USGS-WRD,WG,,,25,33
USGS,414438074221701,7/15/2013,9:00,,,EST,K,USGS-WRD,WG,,,0.9,0.69
USGS,411410073420301,7/30/2013,9:00,,,EST,K,USGS-WRD,WG,,,56.2,115
USGS,411410073420301,10/10/2018,6:30,,,EST,K,USGS-WRD,WG,,,60.6,130
USGS,412824074321901,7/23/2013,9:00,,,EST,K,USGS-WRD,WG,,,49.4,84.3
USGS,432920075550901,9/25/2017,9:00,,,EST,K,USGS-WRD,WG,,,3.02,0.58
USGS,432920075550901,9/25/2017,9:01,,,EST,K,USGS-WRD,WGQ,,,3.03,0.58
USGS,420340077035001,8/6/2013,8:30,,,EST,K,USGS-WRD,WG,,,27.8,1.22
USGS,420814077373001,7/11/2013,9:00,,,EST,K,USGS-WRD,WG,,,17.2,2.92
USGS,423913077311101,7/23/2013,9:00,,,EST,K,USGS-WRD,WG,,,1.87,0.84
USGS,433050075423501,8/8/2013,7:00,,,EST,K,USGS-WRD,WG,,,3.4,0.49
USGS,434048075211301,8/22/2013,6:00,,,EST,K,USGS-WRD,WG,,,311,636
USGS,434904074521901,8/21/2013,8:30,,,EST,K,USGS-WRD,WG,,,5.28,5.63
USGS,421130077233601,7/10/2013,8:00,,,EST,K,USGS-WRD,WG,,,24.9,53.2
USGS,422017077005801,7/9/2013,9:00,,,EST,K,USGS-WRD,WG,,,34.1,6.82
USGS,432536076134601,8/27/2013,9:00,,,EST,K,USGS-WRD,WG,,,34.5,61.3
USGS,432536076134601,11/6/2018,10:00,,,EST,K,USGS-WRD,WG,,,17.4,26.9
USGS,432836075232701,7/31/2013,10:00,,,EST,K,,WG,,,5.17,2.15
USGS,433114075194101,7/29/2013,9:00,,,EST,K,,WG,,,170,11.6
USGS,433616075184601,7/29/2013,12:00,,,EST,K,,WG,,,4.33,6.16
USGS,434414074580201,8/7/2013,9:30,,,EST,K,USGS-WRD,WG,,,1.85,0.38
USGS,434414074580201,10/24/2018,10:00,,,EST,K,USGS-WRD,WG,,,1.88,0.34
USGS,435303075305901,8/15/2013,10:00,,,EST,K,USGS-WRD,WG,,,48.4,65.5
USGS,435313075402301,8/15/2013,6:00,,,EST,K,USGS-WRD,WG,,,12.7,29.3
USGS,441256075575501,8/26/2013,10:00,,,EST,K,USGS-WRD,WG,,,33.4,24.8
USGS,434819073262101,6/23/2014,9:00,,,EST,K,USGS-WRD,WG,,,35.1,19.4
USGS,440350073270501,6/24/2014,10:00,,,EST,K,USGS-WRD,WG,,,4.55,5.8
USGS,441521074030701,7/9/2014,9:00,,,EST,K,USGS-WRD,WG,,,1.7,0.28
USGS,441743073361901,7/9/2014,12:00,,,EST,K,USGS-WRD,WG,,,2.13,1.19
USGS,432407073152001,7/1/2014,12:00,,,EST,K,USGS-WRD,WG,,,4.74,7.48
USGS,432407073152001,7/8/2019,9:30,,,EST,K,USGS-WRD,WG,,,6.94,9.59
USGS,443249073263001,10/6/2014,9:30,,,EST,K,USGS-WRD,WG,,,30.9,1.8
USGS,444203073325801,10/7/2014,10:30,,,EST,K,USGS-WRD,WG,,,3.69,2.19
USGS,420123076221601,7/21/2014,8:30,,,EST,K,USGS-WRD,WG,,,31.3,59.2
USGS,420123076221601,10/2/2019,8:30,,,EST,K,USGS-WRD,WG,,,38.3,82.1
USGS,420303076300701,7/21/2014,12:00,,,EST,K,USGS-WRD,WG,,,9.18,3.29
USGS,423710076015301,7/22/2014,8:00,,,EST,K,USGS-WRD,WG,,,80.6,29.2
USGS,424601075440801,7/23/2014,8:00,,,EST,K,USGS-WRD,WG,,,29,51.1
USGS,425325075342201,7/28/2014,8:30,,,EST,K,USGS-WRD,WG,,,11.4,2.08
USGS,420417075382801,7/28/2014,10:30,,,EST,K,USGS-WRD,WG,,,91,232
USGS,421348075505701,7/30/2014,10:00,,,EST,K,USGS-WRD,WG,,,1200,2260
USGS,423718074401501,7/29/2014,9:00,,,EST,K,USGS-WRD,WG,,,64.7,111
USGS,423718074401501,10/22/2019,9:15,,,EST,K,USGS-WRD,WG,,,70.7,116
USGS,420040075530601,8/12/2014,9:00,,,EST,K,USGS-WRD,WG,,,17,17.5
USGS,420702076105301,8/18/2014,8:00,,,EST,K,USGS-WRD,WG,,,20,1.22
USGS,422237076092001,8/6/2014,8:00,,,EST,K,USGS-WRD,WG,,,7.35,3.35
USGS,422753075191901,8/13/2014,9:00,,,EST,K,USGS-WRD,WG,,,8.27,21.3
USGS,422809074473901,7/30/2014,9:00,,,EST,K,USGS-WRD,WG,,,42.1,7.56
USGS,423024074583101,8/5/2014,9:00,,,EST,K,USGS-WRD,WG,,,3.99,4.15
USGS,423236075540301,8/4/2014,8:00,,,EST,K,USGS-WRD,WG,,,24.8,44.1
USGS,423236075540301,9/30/2019,10:45,,,EST,K,USGS-WRD,WG,,,21.6,37.7
USGS,423731075193901,8/11/2014,9:00,,,EST,K,USGS-WRD,WG,,,7.81,22.8
USGS,442513073481601,12/9/2014,9:00,,,EST,K,USGS-WRD,WG,,,2.81,0.41
USGS,420927077471501,9/15/2020,9:30,,,EST,K,USGS-WRD,WG,,,69.2,25.4
USGS,422729077465601,9/15/2020,7:30,,,EST,K,USGS-WRD,WG,,,22.8,45
USGS,420302075214301,10/19/2015,9:00,,,EST,K,,WG,,,10.1,24.2
USGS,420940074492001,10/6/2015,9:00,,,EST,K,,WG,,,3.96,0.56
USGS,415601074544901,10/20/2015,9:00,,,EST,K,,WG,,,10.8,18.1
USGS,415601074544901,8/17/2020,8:00,,,EST,K,USGS-WRD,WG,,,26.9,27.9
USGS,420357075245901,10/19/2015,11:00,,,EST,K,,WG,,,21.4,54.6
USGS,420924074315601,10/14/2015,10:00,,,EST,K,,WG,,,17.5,35.2
USGS,414831074531101,10/21/2015,9:00,,,EST,K,,WG,,,22,9.21
USGS,441245075142601,11/3/2015,13:00,,,EST,K,,WG,,,1.45,0.5
USGS,441636075375701,11/4/2015,13:00,,,EST,K,,WG,,,44.8,8.59
USGS,440824075232501,11/5/2015,11:00,,,EST,K,,WG,,,3.31,2.16
USGS,441301074364801,11/2/2015,13:00,,,EST,K,,WG,,,6.02,3.15
USGS,441307076082501,11/4/2015,11:00,,,EST,K,,WG,,,69.5,94.3
USGS,441758075550101,11/4/2015,9:00,,,EST,K,,WG,,,37.4,74.1
USGS,444200075114801,11/3/2015,11:00,,,EST,K,,WG,,,41.1,20.8
USGS,444456074400301,11/3/2015,9:00,,,EST,K,,WG,,,17.4,0.85
USGS,442844075350101,11/19/2015,9:00,,,EST,K,USGS-WRD,WG,,,11.7,45.5
USGS,443927075291301,11/16/2015,13:00,,,EST,K,USGS-WRD,WG,,,28.2,24
USGS,444204074073301,11/18/2015,11:00,,,EST,K,USGS-WRD,WG,,,2.58,0.48
USGS,445435074540402,11/19/2015,11:00,,,EST,K,USGS-WRD,WG,,,514,1160
USGS,445916074095001,11/16/2015,11:00,,,EST,K,USGS-WRD,WG,,,8.32,1.05
USGS,445933074291801,11/16/2015,9:00,,,EST,K,USGS-WRD,WG,,,29.1,44
USGS,445933074291801,7/23/2020,7:30,,,EST,K,USGS-WRD,WG,,,44.4,85.5
USGS,435928074263901,11/2/2015,11:00,,,EST,K,,WG,,,3.61,1.08
USGS,422426078280701,7/20/2016,9:00,,,EST,K,USGS,WG,,,5.82,0.52
USGS,430131078240301,7/18/2016,9:00,,,EST,K,USGS,WG,,,32.2,70.8
USGS,425004078232701,7/25/2016,9:00,,,EST,K,USGS,WG,,,31.1,1.04
USGS,422040078232201,8/3/2016,9:00,,,EST,K,USGS,WG,,,4.54,2.19
USGS,422118078543101,8/2/2016,9:00,,,EST,K,USGS,WG,,,5.17,5.15
USGS,425508078153701,8/1/2016,9:00,,,EST,K,USGS,WG,,,183,380
USGS,422903078364701,8/8/2016,9:00,,,EST,K,USGS,WG,,,16.5,1.4
USGS,424450078282601,8/16/2016,9:00,,,EST,K,USGS,WG,,,94.3,171
USGS,424450078282601,11/1/2016,9:00,,,EST,K,USGS,WG,,,25.9,35.2
USGS,432103078043901,8/17/2016,9:00,,,EST,K,USGS,WG,,,53.2,15.5
USGS,421043075073001,8/5/2020,8:00,,,EST,K,USGS-WRD,WG,,,5.44,7.26
USGS,421125079143801,10/11/2016,9:00,,,EST,K,USGS,WG,,,27.2,120
USGS,421158079031201,10/12/2016,9:00,,,EST,K,USGS,WG,,,34,5.5
USGS,422515074312001,10/19/2016,8:30,,,EST,K,USGS-WRD,WG,,,25.3,3.37
USGS,422515074312001,10/19/2016,8:31,,,EST,K,USGS-WRD,WGQ,,,25.4,3.05
USGS,425008074060201,10/17/2016,9:00,,,EST,K,USGS-WRD,WG,,,7.15,0.84
USGS,432404074440001,10/18/2016,10:00,,,EST,K,USGS-WRD,WG,,,14.4,27.7
USGS,423729074070301,10/24/2016,12:00,,,EST,K,USGS-WRD,WG,,,17.5,4.56
USGS,424242074364401,10/19/2016,11:00,,,EST,K,USGS-WRD,WG,,,91.9,66.3
USGS,425245074300201,10/24/2016,9:00,,,EST,K,USGS-WRD,WG,,,37.1,71.9
USGS,424102079014101,10/25/2016,11:00,,,EST,K,USGS,WG,,,119,202
USGS,425210074403901,10/26/2016,9:00,,,EST,K,USGS-WRD,WG,,,8,9.55
USGS,431416077531001,10/24/2016,9:00,,,EST,K,USGS,WG,,,369,597
USGS,424834073491501,10/31/2016,9:00,,,EST,K,USGS-WRD,WG,,,63.2,124
USGS,430247075115501,10/26/2016,12:00,,,EST,K,USGS-WRD,WG,,,94.9,19.4
USGS,430840075202401,11/1/2016,9:00,,,EST,K,USGS-WRD,WG,,,15.4,7.88
USGS,432325075250301,11/2/2016,10:00,,,EST,K,USGS-WRD,WG,,,1.91,0.84
USGS,421036079214601,10/31/2016,9:00,,,EST,K,USGS,WG,,,3.13,0.77
USGS,420925075534001,11/25/2019,9:30,,,EST,K,USGS-WRD,WG,,,87.3,180
USGS,414533074481901,8/17/2020,10:30,,,EST,K,USGS-WRD,WG,,,2.29,3.27
USGS,430320075231601,11/7/2016,9:00,,,EST,K,USGS-WRD,WG,,,30,49.7
USGS,421854074255901,11/15/2016,9:00,,,EST,K,USGS-WRD,WG,,,96.7,92.5
USGS,422238074252101,11/8/2016,9:00,,,EST,K,USGS-WRD,WG,,,241,264
USGS,424204074272201,12/5/2016,9:00,,,EST,K,USGS-WRD,WG,,,19.2,30.2
USGS,431142074394401,12/6/2016,9:00,,,EST,K,USGS-WRD,WG,,,3.67,0.44
USGS,442045074064801,9/9/2019,9:45,,,EST,K,USGS-WRD,WG,,,30.2,62.2
USGS,420405079093201,11/28/2016,9:00,,,EST,K,USGS,WG,,,74.7,144
USGS,420719079183101,11/28/2016,12:00,,,EST,K,USGS,WG,,,65.2,133
USGS,421902079213101,11/16/2016,9:00,,,EST,K,USGS,WG,,,8.63,10.5
USGS,423629078590801,11/14/2016,9:00,,,EST,K,USGS,WG,,,33.4,172
USGS,420143079375601,11/29/2016,12:00,,,EST,K,USGS,WG,,,12.9,20.4
USGS,420143079375601,11/29/2016,12:01,,,EST,K,USGS,WGQ,,,12.5,20.4
USGS,420446078094501,12/5/2016,9:00,,,EST,K,USGS,WG,,,64,119
USGS,421659078402301,11/30/2016,12:00,,,EST,K,USGS,WG,,,7.45,13.7
USGS,422722078562001,12/6/2016,9:00,,,EST,K,USGS,WG,,,52.2,23.9
USGS,422831079100101,11/30/2016,9:00,,,EST,K,USGS,WG,,,4.73,15.1
USGS,423415078563901,12/6/2016,12:00,,,EST,K,USGS,WG,,,36.3,80.8
USGS,423825078320601,12/5/2016,12:00,,,EST,K,USGS,WG,,,24.2,33.8
USGS,430047078160201,12/7/2016,12:00,,,EST,K,USGS,WG,,,48.7,117
USGS,431836078065901,12/13/2016,9:00,,,EST,K,USGS,WG,,,32.5,67.4
USGS,425716077254501,9/27/2017,9:00,,,EST,K,USGS-WRD,WG,,,14.3,1.14
USGS,425333076280501,10/10/2017,9:30,,,EST,K,USGS-WRD,WG,,,196,6.45
USGS,425944076385301,10/10/2017,6:00,,,EST,K,USGS-WRD,WG,,,12.2,3.55
USGS,432440074151501,10/10/2017,9:00,,,EST,K,USGS-WRD,WG,,,2.31,7.37
USGS,424508073210301,9/27/2017,9:00,,,EST,K,USGS-WRD,WG,,,15.8,27.1
USGS,424631073391401,9/27/2017,11:00,,,EST,K,USGS-WRD,WG,,,22.3,6.08
USGS,430150073513201,9/26/2017,11:00,,,EST,K,USGS-WRD,WG,,,9.33,40.5
USGS,430355074072001,10/12/2017,9:00,,,EST,K,USGS-WRD,WG,,,24,114
USGS,430444074214301,10/10/2017,11:00,,,EST,K,USGS-WRD,WG,,,8.65,0.43
USGS,431350074110301,9/25/2017,11:00,,,EST,K,USGS-WRD,WG,,,5.54,12.5
USGS,431448073290901,10/4/2017,9:00,,,EST,K,USGS-WRD,WG,,,21.9,5.64
USGS,431803073234601,10/3/2017,11:00,,,EST,K,USGS-WRD,WG,,,3.11,3.49
USGS,431902073505301,9/25/2017,9:00,,,EST,K,USGS-WRD,WG,,,87.8,172
USGS,432229073462101,9/26/2017,9:00,,,EST,K,USGS-WRD,WG,,,6.6,1.96
USGS,433104073483901,10/3/2017,9:00,,,EST,K,USGS-WRD,WG,,,12.1,14.9
USGS,433720073532301,10/4/2017,11:30,,,EST,K,USGS-WRD,WG,,,7.05,0.51
USGS,434445074172301,10/11/2017,9:00,,,EST,K,USGS-WRD,WG,,,77.2,202
USGS,434729073582601,10/5/2017,9:00,,,EST,K,USGS-WRD,WG,,,61.9,191
USGS,433047074220501,10/11/2017,11:00,,,EST,K,USGS-WRD,WG,,,2.69,6.93
USGS,435748074073701,11/8/2017,10:00,,,EST,K,USGS-WRD,WG,,,1.5,10.4
USGS,431020077001601,10/18/2017,9:00,,,EST,K,USGS-WRD,WG,,,23.6,1.19
USGS,431635075310401,10/16/2017,9:00,,,EST,K,USGS-WRD,WG,,,5.32,1.39
USGS,432820075441501,10/17/2017,9:00,,,EST,K,USGS-WRD,WG,,,8.78,0.42
USGS,424619077122701,10/24/2017,9:00,,,EST,K,USGS-WRD,WG,,,510,250
USGS,422120076502901,11/6/2017,11:00,,,EST,K,USGS-WRD,WG,,,12.5,19.6
USGS,422902077070401,10/30/2017,10:00,,,EST,K,USGS-WRD,WG,,,139,52.5
USGS,423603076481801,10/31/2017,10:00,,,EST,K,USGS-WRD,WG,,,18.5,20.2
USGS,423627077281701,11/8/2017,10:00,,,EST,K,USGS-WRD,WG,,,89.8,131
USGS,424114077065201,10/30/2017,7:00,,,EST,K,USGS-WRD,WG,,,71,179
USGS,425854075285701,11/1/2017,9:00,,,EST,K,USGS-WRD,WG,,,4.93,13.3
USGS,431815076233801,11/7/2017,9:00,,,EST,K,USGS-WRD,WG,,,22.8,38.7
USGS,425135076202901,12/4/2017,11:00,,,EST,K,USGS-WRD,WG,,,96.4,224
USGS,425248075543801,12/4/2017,8:00,,,EST,K,USGS-WRD,WG,,,40.5,39.7
USGS,424555076582101,12/11/2017,8:00,,,EST,K,USGS-WRD,WG,,,37.1,67.5
USGS,425751077000401,12/11/2017,11:00,,,EST,K,USGS-WRD,WG,,,28.6,30.4
USGS,423254076355401,12/19/2017,10:00,,,EST,K,USGS-WRD,WG,,,7.97,28.5
USGS,421341077121801,10/2/2018,9:00,,,EST,K,USGS-WRD,WG,,,37.4,46.9
USGS,422527078292101,7/29/2021,7:30,,,EST,K,USGS-WRD,WG,,,20,33.5
USGS,425918075143801,8/25/2021,9:00,,,EST,K,USGS-WRD,WG,,,12,14.8
USGS,425918075143801,8/25/2021,9:01,,,EST,K,USGS-WRD,WGQ,,,12,14.9
USGS,432010075104701,8/16/2021,11:00,,,EST,K,USGS-WRD,WG,,,27.4,77.6
USGS,421322073475105,8/13/2018,9:30,,,EST,K,USGS-WRD,WG,,,31.3,75.4
USGS,425553075283501,8/18/2021,9:30,,,EST,K,USGS-WRD,WG,,,3.66,4.17
USGS,413449074344901,10/31/2018,8:00,,,EST,K,USGS-WRD,WG,,,6.31,2.42
USGS,414628073595701,8/7/2018,9:00,,,EST,K,USGS-WRD,WG,,,2.17,1.47
USGS,415357073411401,11/5/2018,8:30,,,EST,K,USGS-WRD,WG,,,6.49,2.05
USGS,420422074283101,8/27/2018,8:30,,,EST,K,USGS-WRD,WG,,,41.8,71.2
USGS,422249073392501,9/19/2018,8:00,,,EST,K,USGS-WRD,WG,,,5.33,4.21
USGS,423141074153301,8/1/2018,9:00,,,EST,K,USGS-WRD,WG,,,65.3,9.08
USGS,412733073550801,10/3/2018,10:00,,,EST,K,USGS-WRD,WG,,,39.7,21.4
USGS,414755074155701,8/29/2018,9:00,,,EST,K,USGS-WRD,WG,,,90.3,3.86
USGS,415919074120201,10/1/2018,8:00,,,EST,K,USGS-WRD,WG,,,74.7,4.51
USGS,421820074013201,10/4/2018,7:00,,,EST,K,USGS-WRD,WG,,,63.8,82.1
USGS,422228073302701,7/30/2018,9:00,,,EST,K,USGS-WRD,WG,,,5.87,4.3
USGS,415126074335301,11/6/2018,9:30,,,EST,K,USGS-WRD,WG,,,21.7,10
USGS,411632073332101,10/10/2018,9:00,,,EST,K,USGS-WRD,WG,,,14.4,137
USGS,420327076451101,9/10/2018,9:00,,,EST,K,USGS-WRD,WG,,,19.4,5.58
USGS,423619077141001,9/11/2018,9:00,,,EST,K,USGS-WRD,WG,,,39.3,89.5
USGS,420044077171801,9/12/2018,9:00,,,EST,K,USGS-WRD,WG,,,73.4,20.6
USGS,422508077441301,9/5/2018,8:30,,,EST,K,USGS-WRD,WG,,,38.8,17
USGS,433706075182601,9/24/2018,9:00,,,EST,K,USGS-WRD,WG,,,25.6,19.1
USGS,435015075241701,10/30/2018,9:00,,,EST,K,USGS-WRD,WG,,,202,338
USGS,412418074244202,10/30/2018,9:30,,,EST,K,USGS-WRD,WG,,,27.3,62
USGS,440207075402801,10/3/2018,9:00,,,EST,K,USGS-WRD,WG,,,28.9,44.9
USGS,413657073542301,9/18/2018,9:00,,,EST,K,USGS-WRD,WG,,,55.5,98.7
USGS,432349075565301,11/7/2018,10:00,,,EST,K,USGS-WRD,WG,,,17.1,0.7
USGS,435417074545301,10/9/2018,9:00,,,EST,K,USGS-WRD,WG,,,3.5,0.44
USGS,435919076134501,10/29/2018,9:00,,,EST,K,USGS-WRD,WG,,,140,90.6
USGS,433350075442301,11/19/2018,8:00,,,EST,K,USGS-WRD,WG,,,1.03,0.41
USGS,433357076074401,11/19/2018,10:30,,,EST,K,USGS-WRD,WG,,,3.82,6.87
USGS,434341076082601,11/19/2018,13:00,,,EST,K,USGS-WRD,WG,,,21.6,23
USGS,434803075402901,11/20/2018,9:30,,,EST,K,USGS-WRD,WG,,,550,647
USGS,434835075490401,11/20/2018,12:00,,,EST,K,USGS-WRD,WG,,,38.7,1.36
USGS,440046075462301,11/20/2018,7:00,,,EST,K,USGS-WRD,WG,,,35.1,56.3
USGS,421018076232001,10/7/2019,12:30,,,EST,K,USGS-WRD,WG,,,7.42,1.87
USGS,421221075462001,7/18/2019,8:15,,,EST,K,USGS-WRD,WG,,,136,65
USGS,422055075445801,10/1/2019,8:15,,,EST,K,USGS-WRD,WG,,,10.9,2.6
USGS,422637076163501,10/1/2019,11:00,,,EST,K,USGS-WRD,WG,,,8.12,0.74
USGS,423808076015401,9/30/2019,8:15,,,EST,K,USGS-WRD,WG,,,27.8,2.84
USGS,423901075362101,10/28/2019,7:15,,,EST,K,USGS-WRD,WG,,,16.7,21.5
USGS,424102075225601,10/29/2019,11:00,,,EST,K,USGS-WRD,WG,,,29.1,21.1
USGS,424702075253201,10/29/2019,8:45,,,EST,K,USGS-WRD,WG,,,19.1,6.09
USGS,425029074504301,7/9/2019,10:00,,,EST,K,USGS-WRD,WG,,,3.42,5.48
USGS,425545074574901,7/30/2019,11:20,,,EST,K,USGS-WRD,WG,,,3.64,2.18
USGS,433320073153401,7/15/2019,9:00,,,EST,K,USGS-WRD,WG,,,19,1.35
USGS,434443073234501,7/22/2019,10:30,,,EST,K,USGS-WRD,WG,,,200,350
USGS,434443073234501,7/22/2019,10:31,,,EST,K,USGS-WRD,WGQ,,,197,349
USGS,435217073261701,7/17/2019,10:30,,,EST,K,USGS-WRD,WG,,,12.9,1.03
USGS,441525073464301,9/10/2019,9:45,,,EST,K,USGS-WRD,WG,,,38.9,125
USGS,442334073244001,9/11/2019,9:45,,,EST,K,USGS-WRD,WG,,,3.96,10.2
USGS,443022073520701,9/18/2019,10:30,,,EST,K,USGS-WRD,WG,,,4.1,1.18
USGS,444008073441201,9/17/2019,10:00,,,EST,K,USGS-WRD,WG,,,2.11,0.74
USGS,445334073451301,9/17/2019,8:00,,,EST,K,USGS-WRD,WG,,,2.71,6.56
USGS,435309073264201,9/3/2019,10:30,,,EST,K,USGS-WRD,WG,,,4.84,7.78
USGS,445343073264401,9/4/2019,7:15,,,EST,K,USGS-WRD,WG,,,91.8,81.6
USGS,423902074062501,8/26/2021,8:00,,,EST,K,USGS-WRD,WG,,,17.9,22.2
USGS,423324074061601,9/22/2021,8:30,,,EST,K,USGS-WRD,WG,,,114,1.67
USGS,430805077541601,7/28/2020,7:00,,,EST,K,USGS-WRD,WG,,,15,34.2
USGS,424040074132301,7/21/2021,8:45,,,EST,K,USGS-WRD,WG,,,133,75
USGS,430150077405001,9/14/2020,10:00,,,EST,K,USGS-WRD,WG,,,13.2,31
USGS,425825077422201,7/27/2020,10:00,,,EST,K,USGS-WRD,WG,,,39.2,71.5
USGS,431155077491401,9/13/2021,7:30,,,EST,K,USGS-WRD,WG,,,55.5,109
USGS,425846077494501,7/28/2020,9:30,,,EST,K,USGS-WRD,WG,,,32.3,89.5
USGS,430300078571201,7/29/2021,10:30,,,EST,K,USGS-WRD,WG,,,539,1260
USGS,424748076065501,10/2/2019,10:30,,,EST,K,USGS-WRD,WG,,,73.9,135
USGS,425129075572401,10/2/2019,8:15,,,EST,K,USGS-WRD,WG,,,141,83.7
USGS,422047075100201,10/21/2019,11:15,,,EST,K,USGS-WRD,WG,,,16.5,40.2
USGS,423156075232101,10/30/2019,11:15,,,EST,K,USGS-WRD,WG,,,15.4,35.1
USGS,424656075385001,10/29/2019,9:00,,,EST,K,USGS-WRD,WG,,,31.6,25.9
USGS,425106075422101,10/29/2019,11:00,,,EST,K,USGS-WRD,WG,,,25.2,11.2
USGS,421949076224501,10/2/2019,11:45,,,EST,K,USGS-WRD,WG,,,39.1,66.1
USGS,423714075193701,10/30/2019,9:00,,,EST,K,USGS-WRD,WG,,,10.8,31.7
USGS,422827074509901,10/21/2019,9:15,,,EST,K,USGS-WRD,WG,,,12.8,32.7
USGS,420133077554501,9/16/2020,7:30,,,EST,K,USGS-WRD,WG,,,19.4,1.41
USGS,421012074391201,8/5/2020,11:00,,,EST,K,USGS-WRD,WG,,,17.7,5.49
USGS,421604074364001,7/16/2020,8:45,,,EST,K,USGS-WRD,WG,,,6.32,1.34
USGS,443935074303201,9/16/2020,10:30,,,EST,K,USGS-WRD,WG,,,2.76,0.58
USGS,435217074380001,9/10/2020,8:30,,,EST,K,USGS-WRD,WG,,,5.32,1.28
USGS,443606074525801,9/17/2020,10:30,,,EST,K,USGS-WRD,WG,,,2.97,0.56
USGS,444721074453501,9/17/2020,9:30,,,EST,K,USGS-WRD,WG,,,6.18,4.91
USGS,423247078145101,8/31/2020,7:30,,,EST,K,USGS-WRD,WG,,,4.6,14.9
USGS,423247078145101,8/31/2020,7:31,,,EST,K,USGS-WRD,WGQ,,,4.33,14.1
USGS,440819074331301,9/9/2020,9:00,,,EST,K,USGS-WRD,WG,,,1190,2550
USGS,412414074424301,8/6/2020,8:30,,,EST,K,USGS-WRD,WG,,,10.6,5.43
USGS,441248075050201,8/27/2020,9:00,,,EST,K,USGS-WRD,WG,,,21.9,9.5
USGS,444041075313101,7/21/2020,13:00,,,EST,K,USGS-WRD,WG,,,132,275
USGS,442332075113901,7/29/2020,8:00,,,EST,K,USGS-WRD,WG,,,7.23,7.35
USGS,425004077575501,9/14/2020,8:00,,,EST,K,USGS-WRD,WG,,,73,487
USGS,423600078041001,8/31/2020,10:00,,,EST,K,USGS-WRD,WG,,,3.35,3.93
USGS,440846075193301,7/29/2020,10:00,,,EST,K,USGS-WRD,WG,,,3.99,9.57
USGS,413603075024901,8/4/2020,10:00,,,EST,K,USGS-WRD,WG,,,10.2,26.3
USGS,413603075024901,8/4/2020,10:01,,,EST,K,USGS-WRD,WGQ,,,10.2,26.3
USGS,420125074474901,8/3/2020,10:30,,,EST,K,USGS-WRD,WG,,,0.73,0.58
USGS,443714075241001,7/30/2020,10:00,,,EST,K,USGS-WRD,WG,,,43.4,72
USGS,440012074243601,7/21/2020,9:00,,,EST,K,USGS-WRD,WG,,,3.2,3.84
USGS,443014074541201,7/22/2020,7:30,,,EST,K,USGS-WRD,WG,,,3.59,4.74
USGS,443115075040801,7/30/2020,8:00,,,EST,K,USGS-WRD,WG,,,6.01,9.02
USGS,420448077550901,9/16/2020,10:00,,,EST,K,USGS-WRD,WG,,,111,20.5
USGS,421208078075601,9/1/2020,7:00,,,EST,K,USGS-WRD,WG,,,27.2,6.99
USGS,422718078005301,9/14/2020,10:00,,,EST,K,USGS-WRD,WG,,,53.6,9.01
USGS,422752078064801,9/14/2020,7:30,,,EST,K,USGS-WRD,WG,,,52.2,21.6
USGS,423124077414901,9/15/2020,10:00,,,EST,K,USGS-WRD,WG,,,54.2,107
USGS,423303077485101,9/1/2020,10:00,,,EST,K,USGS-WRD,WG,,,75.2,7.06
USGS,440826074542701,8/26/2020,11:00,,,EST,K,USGS-WRD,WG,,,3.29,0.34
USGS,441256074190401,9/23/2020,9:30,,,EST,K,USGS-WRD,WG,,,13.9,3.29
USGS,441703074294501,8/26/2020,8:00,,,EST,K,USGS-WRD,WG,,,2.3,1.18
USGS,441703074294501,8/26/2020,8:01,,,EST,K,USGS-WRD,WGQ,,,2.27,1.17
USGS,443329075412101,9/8/2020,12:00,,,EST,K,USGS-WRD,WG,,,4.44,6.01
USGS,444746074594501,9/17/2020,7:30,,,EST,K,USGS-WRD,WG,,,47.2,68.7
USGS,422126079024801,7/28/2021,10:30,,,EST,K,USGS-WRD,WG,,,93.3,156
USGS,422833079095101,7/26/2021,10:45,,,EST,K,USGS-WRD,WG,,,11.1,15.9
USGS,420811079120701,7/27/2021,7:30,,,EST,K,USGS-WRD,WG,,,17.1,27.4
USGS,421801079055401,7/28/2021,7:30,,,EST,K,USGS-WRD,WG,,,7.03,13.6
USGS,420804074060001,8/26/2021,10:30,,,EST,K,USGS-WRD,WG,,,8.01,1.69
USGS,424049078221801,7/28/2021,7:50,,,EST,K,USGS-WRD,WG,,,22,8.1
USGS,431033074303601,9/16/2021,10:00,,,EST,K,USGS-WRD,WG,,,5.42,0.99
USGS,431847075002101,8/16/2021,9:00,,,EST,K,USGS-WRD,WG,,,5.97,1.7
USGS,420309078292001,7/26/2021,7:15,,,EST,K,USGS-WRD,WG,,,8.81,26.4
USGS,421342078430401,7/27/2021,7:30,,,EST,K,USGS-WRD,WG,,,5,2.75
USGS,421601079360901,7/26/2021,8:30,,,EST,K,USGS-WRD,WG,,,40.6,15.8
USGS,422559078545801,7/27/2021,10:05,,,EST,K,USGS-WRD,WG,,,3.44,4.55
USGS,424815078164201,7/26/2021,10:00,,,EST,K,USGS-WRD,WG,,,10.7,35.9
USGS,431547077525001,7/27/2021,9:30,,,EST,K,USGS-WRD,WG,,,143,14.1
USGS,431553077564301,7/28/2021,7:30,,,EST,K,USGS-WRD,WG,,,3770,6620
USGS,431838078032001,7/28/2021,9:45,,,EST,K,USGS-WRD,WG,,,14.5,14.7
USGS,423650079010601,7/29/2021,7:30,,,EST,K,USGS-WRD,WG,,,500,1070
USGS,424042078501601,7/26/2021,11:30,,,EST,K,USGS-WRD,WG,,,11.5,5.7
USGS,424102078400701,7/28/2021,10:20,,,EST,K,USGS-WRD,WG,,,18,18.5
USGS,424235078323101,9/13/2021,11:00,,,EST,K,USGS-WRD,WG,,,30,154
USGS,425549074030501,8/3/2021,9:00,,,EST,K,USGS-WRD,WG,,,100,353
USGS,423617074342201,9/23/2021,10:00,,,EST,K,USGS-WRD,WG,,,22.4,84.8
USGS,425606074372001,9/8/2021,9:00,,,EST,K,USGS-WRD,WG,,,108,182
USGS,430848074581101,8/25/2021,11:30,,,EST,K,USGS-WRD,WG,,,5.02,4.64
USGS,425710074351001,9/9/2021,9:30,,,EST,K,USGS-WRD,WG,,,34,40.6
USGS,430108075022801,8/17/2021,10:30,,,EST,K,USGS-WRD,WG,,,23.7,61.5
